LAPORAN PENJUALAN,,,,,,,,
,,,,,,,,
Tanggal Cetak,8 Januari 2018,,,,,,,
Tanggal,1 Desember 2017 - 31 Desember 2017,,,,,,,
Total Omzet,"Rp85,690,000",,,,,,,
Total Laba Kotor,"Rp24,592,000",,,,,,,
Total Penjualan,528,,,,,,,
Total Barang,712,,,,,,,
,,,,,,,,
ID Pesanan,Waktu ,SKU,Nama Barang,Jumlah,Harga Jual,Total,Harga Beli,Laba
ID-20171130-531154,2017-12-01 1:18:53,SSI-D01220388-MM-SAL,"Devibav Plain Trump Blouse (M,Salem)",1,"Rp115,000","Rp115,000","Rp67,500","Rp47,500"
ID-20171201-427584,2017-12-01 2:00:08,SSI-D01466013-XX-BLA,"Salyara Plain Casual Big Blouse (XXL,Black)",1,"Rp125,000","Rp125,000","Rp78,270","Rp46,730"
ID-20171201-081971,2017-12-01 2:17:38,SSI-D01401050-MM-RED,"Zeomila Zipper Casual Blouse (M,Red)",1,"Rp125,000","Rp125,000","Rp72,263","Rp52,737"
ID-20171201-009890,2017-12-01 3:04:36,SSI-D01401064-XL-RED,"Zeomila Zipper Casual Blouse (XL,Red)",1,"Rp120,000","Rp120,000","Rp70,703","Rp49,297"
ID-20171201-007229,2017-12-01 3:18:46,SSI-D01326299-LL-NAV,"Siunfhi Ethnic Trump Blouse (L,Navy)",1,"Rp125,000","Rp125,000","Rp66,956","Rp58,044"
,,SSI-D01220334-XL-YEL,"Devibav Plain Trump Blouse (XL,Yellow)",1,"Rp120,000","Rp120,000","Rp71,836","Rp48,164"
ID-20171201-033674,2017-12-01 4:41:25,SSI-D01220355-XX-YEL,"Devibav Plain Trump Blouse (XXL,Yellow)",1,"Rp125,000","Rp125,000","Rp65,365","Rp59,635"
ID-20171201-188875,2017-12-01 5:20:12,SSI-D01466064-X3-BLA,"Salyara Plain Casual Big Blouse (XXXL,Black)",1,"Rp125,000","Rp125,000","Rp70,072","Rp54,928"
,,SSI-D00864661-MM-NAV,"Deklia Plain Casual Blouse (M,Navy)",1,"Rp120,000","Rp120,000","Rp71,781","Rp48,219"
ID-20171201-997792,2017-12-01 6:38:56,SSI-D00864661-MM-NAV,"Deklia Plain Casual Blouse (M,Navy)",1,"Rp115,000","Rp115,000","Rp71,781","Rp43,219"
ID-20171201-040391,2017-12-01 6:56:42,SSI-D01220355-XX-YEL,"Devibav Plain Trump Blouse (XXL,Yellow)",1,"Rp120,000","Rp120,000","Rp65,365","Rp54,635"
ID-20171201-370172,2017-12-01 7:22:20,SSI-D01220355-XX-YEL,"Devibav Plain Trump Blouse (XXL,Yellow)",1,"Rp120,000","Rp120,000","Rp65,365","Rp54,635"
,,SSI-D01326205-MM-NAV,"Siunfhi Ethnic Trump Blouse (M,Navy)",1,"Rp130,000","Rp130,000","Rp75,210","Rp54,790"
ID-20171201-007303,2017-12-01 8:14:10,SSI-D01401064-XL-RED,"Zeomila Zipper Casual Blouse (XL,Red)",1,"Rp125,000","Rp125,000","Rp70,703","Rp54,297"
ID-20171201-295773,2017-12-01 8:25:44,SSI-D01466064-X3-BLA,"Salyara Plain Casual Big Blouse (XXXL,Black)",1,"Rp130,000","Rp130,000","Rp70,072","Rp59,928"
ID-20171201-446820,2017-12-01 8:44:17,SSI-D01220307-XL-SAL,"Devibav Plain Trump Blouse (XL,Salem)",1,"Rp115,000","Rp115,000","Rp69,046","Rp45,954"
ID-20171201-349714,2017-12-01 8:53:46,SSI-D00864612-LL-NAV,"Deklia Plain Casual Blouse (L,Navy)",1,"Rp120,000","Rp120,000","Rp67,365","Rp52,635"
,,SSI-D01401050-MM-RED,"Zeomila Zipper Casual Blouse (M,Red)",1,"Rp120,000","Rp120,000","Rp72,263","Rp47,737"
ID-20171201-514768,2017-12-01 9:30:29,SSI-D01220322-MM-YEL,"Devibav Plain Trump Blouse (M,Yellow)",1,"Rp130,000","Rp130,000","Rp67,667","Rp62,333"
ID-20171201-763429,2017-12-01 9:30:54,SSI-D01466064-X3-BLA,"Salyara Plain Casual Big Blouse (XXXL,Black)",1,"Rp120,000","Rp120,000","Rp70,072","Rp49,928"
ID-20171201-078122,2017-12-01 10:23:33,SSI-D01037812-X3-BLA,"Dellaya Plain Loose Big Blouse (XXXL,Black)",1,"Rp110,000","Rp110,000","Rp67,801","Rp42,199"
ID-20171201-036290,2017-12-01 10:47:14,SSI-D00864661-MM-NAV,"Deklia Plain Casual Blouse (M,Navy)",1,"Rp115,000","Rp115,000","Rp71,781","Rp43,219"
ID-20171201-299955,2017-12-01 11:01:44,SSI-D01401071-LL-RED,"Zeomila Zipper Casual Blouse (L,Red)",1,"Rp125,000","Rp125,000","Rp66,870","Rp58,130"
ID-20171201-293233,2017-12-01 11:45:36,SSI-D01322275-XL-WHI,"Thafqya Plain Raglan Blouse (XL,White)",1,"Rp115,000","Rp115,000","Rp62,209","Rp52,791"
ID-20171201-666983,2017-12-01 12:16:02,SSI-D01466064-X3-BLA,"Salyara Plain Casual Big Blouse (XXXL,Black)",1,"Rp130,000","Rp130,000","Rp70,072","Rp59,928"
,,SSI-D01322234-LL-WHI,"Thafqya Plain Raglan Blouse (L,White)",1,"Rp115,000","Rp115,000","Rp73,267","Rp41,733"
ID-20171201-558702,2017-12-01 13:24:14,SSI-D01326299-LL-NAV,"Siunfhi Ethnic Trump Blouse (L,Navy)",1,"Rp130,000","Rp130,000","Rp66,956","Rp63,044"
,,SSI-D01466064-X3-BLA,"Salyara Plain Casual Big Blouse (XXXL,Black)",1,"Rp130,000","Rp130,000","Rp70,072","Rp59,928"
ID-20171201-001694,2017-12-01 17:55:15,SSI-D01326205-MM-NAV,"Siunfhi Ethnic Trump Blouse (M,Navy)",1,"Rp115,000","Rp115,000","Rp75,210","Rp39,790"
,,SSI-D01220355-XX-YEL,"Devibav Plain Trump Blouse (XXL,Yellow)",1,"Rp130,000","Rp130,000","Rp65,365","Rp64,635"
ID-20171201-261812,2017-12-01 22:20:08,SSI-D01322275-XL-WHI,"Thafqya Plain Raglan Blouse (XL,White)",1,"Rp125,000","Rp125,000","Rp62,209","Rp62,791"
ID-20171201-991895,2017-12-01 22:56:35,SSI-D01401064-XL-RED,"Zeomila Zipper Casual Blouse (XL,Red)",1,"Rp110,000","Rp110,000","Rp70,703","Rp39,297"
ID-20171201-829539,2017-12-01 23:30:15,SSI-D01401050-MM-RED,"Zeomila Zipper Casual Blouse (M,Red)",1,"Rp130,000","Rp130,000","Rp72,263","Rp57,737"
ID-20171202-893046,2017-12-02 0:23:11,SSI-D01220307-XL-SAL,"Devibav Plain Trump Blouse (XL,Salem)",1,"Rp115,000","Rp115,000","Rp69,046","Rp45,954"
ID-20171202-750464,2017-12-02 0:34:54,SSI-D01326205-MM-NAV,"Siunfhi Ethnic Trump Blouse (M,Navy)",1,"Rp130,000","Rp130,000","Rp75,210","Rp54,790"
,,SSI-D01220349-LL-YEL,"Devibav Plain Trump Blouse (L,Yellow)",1,"Rp125,000","Rp125,000","Rp72,544","Rp52,456"
ID-20171202-814840,2017-12-02 1:49:22,SSI-D00864612-LL-NAV,"Deklia Plain Casual Blouse (L,Navy)",1,"Rp115,000","Rp115,000","Rp67,365","Rp47,635"
ID-20171202-104196,2017-12-02 1:53:16,SSI-D01322234-LL-WHI,"Thafqya Plain Raglan Blouse (L,White)",1,"Rp125,000","Rp125,000","Rp73,267","Rp51,733"
,,SSI-D01466064-X3-BLA,"Salyara Plain Casual Big Blouse (XXXL,Black)",1,"Rp110,000","Rp110,000","Rp70,072","Rp39,928"
ID-20171202-772221,2017-12-02 3:08:25,SSI-D01326205-MM-NAV,"Siunfhi Ethnic Trump Blouse (M,Navy)",1,"Rp130,000","Rp130,000","Rp75,210","Rp54,790"
ID-20171202-840569,2017-12-02 4:24:25,SSI-D01401064-XL-RED,"Zeomila Zipper Casual Blouse (XL,Red)",1,"Rp125,000","Rp125,000","Rp70,703","Rp54,297"
,,SSI-D01401071-LL-RED,"Zeomila Zipper Casual Blouse (L,Red)",1,"Rp125,000","Rp125,000","Rp66,870","Rp58,130"
ID-20171202-330556,2017-12-02 5:19:13,SSI-D01220355-XX-YEL,"Devibav Plain Trump Blouse (XXL,Yellow)",1,"Rp125,000","Rp125,000","Rp65,365","Rp59,635"
,,SSI-D01401064-XL-RED,"Zeomila Zipper Casual Blouse (XL,Red)",1,"Rp115,000","Rp115,000","Rp70,703","Rp44,297"
ID-20171202-231538,2017-12-02 5:24:59,SSI-D01401064-XL-RED,"Zeomila Zipper Casual Blouse (XL,Red)",1,"Rp120,000","Rp120,000","Rp70,703","Rp49,297"
,,SSI-D01220346-LL-SAL,"Devibav Plain Trump Blouse (L,Salem)",1,"Rp120,000","Rp120,000","Rp71,880","Rp48,120"
ID-20171202-079678,2017-12-02 7:02:14,SSI-D01466064-X3-BLA,"Salyara Plain Casual Big Blouse (XXXL,Black)",1,"Rp115,000","Rp115,000","Rp70,072","Rp44,928"
,,SSI-D01322234-LL-WHI,"Thafqya Plain Raglan Blouse (L,White)",1,"Rp125,000","Rp125,000","Rp73,267","Rp51,733"
ID-20171202-742962,2017-12-02 8:44:05,SSI-D01401071-LL-RED,"Zeomila Zipper Casual Blouse (L,Red)",1,"Rp115,000","Rp115,000","Rp66,870","Rp48,130"
ID-20171202-114854,2017-12-02 9:40:36,SSI-D01401050-MM-RED,"Zeomila Zipper Casual Blouse (M,Red)",1,"Rp125,000","Rp125,000","Rp72,263","Rp52,737"
ID-20171202-824279,2017-12-02 10:45:48,SSI-D01466013-XX-BLA,"Salyara Plain Casual Big Blouse (XXL,Black)",1,"Rp125,000","Rp125,000","Rp78,270","Rp46,730"
ID-20171202-524754,2017-12-02 10:55:19,SSI-D00864661-MM-NAV,"Deklia Plain Casual Blouse (M,Navy)",1,"Rp110,000","Rp110,000","Rp71,781","Rp38,219"
,,SSI-D00864661-MM-NAV,"Deklia Plain Casual Blouse (M,Navy)",1,"Rp125,000","Rp125,000","Rp71,781","Rp53,219"
ID-20171202-647419,2017-12-02 11:31:00,SSI-D01220334-XL-YEL,"Devibav Plain Trump Blouse (XL,Yellow)",1,"Rp125,000","Rp125,000","Rp71,836","Rp53,164"
ID-20171202-375886,2017-12-02 11:53:23,SSI-D00864661-MM-NAV,"Deklia Plain Casual Blouse (M,Navy)",1,"Rp110,000","Rp110,000","Rp71,781","Rp38,219"
ID-20171202-843011,2017-12-02 12:15:43,SSI-D01326205-MM-NAV,"Siunfhi Ethnic Trump Blouse (M,Navy)",1,"Rp130,000","Rp130,000","Rp75,210","Rp54,790"
,,SSI-D01322275-XL-WHI,"Thafqya Plain Raglan Blouse (XL,White)",1,"Rp125,000","Rp125,000","Rp62,209","Rp62,791"
ID-20171202-028916,2017-12-02 12:21:04,SSI-D01466064-X3-BLA,"Salyara Plain Casual Big Blouse (XXXL,Black)",1,"Rp130,000","Rp130,000","Rp70,072","Rp59,928"
ID-20171202-510065,2017-12-02 12:21:46,SSI-D01401050-MM-RED,"Zeomila Zipper Casual Blouse (M,Red)",1,"Rp110,000","Rp110,000","Rp72,263","Rp37,737"
ID-20171202-733760,2017-12-02 14:03:13,SSI-D00864612-LL-NAV,"Deklia Plain Casual Blouse (L,Navy)",1,"Rp110,000","Rp110,000","Rp67,365","Rp42,635"
ID-20171202-686021,2017-12-02 17:19:19,SSI-D01220307-XL-SAL,"Devibav Plain Trump Blouse (XL,Salem)",1,"Rp125,000","Rp125,000","Rp69,046","Rp55,954"
,,SSI-D00864612-LL-NAV,"Deklia Plain Casual Blouse (L,Navy)",1,"Rp115,000","Rp115,000","Rp67,365","Rp47,635"
ID-20171202-683924,2017-12-02 17:44:52,SSI-D01322234-LL-WHI,"Thafqya Plain Raglan Blouse (L,White)",1,"Rp125,000","Rp125,000","Rp73,267","Rp51,733"
ID-20171202-887491,2017-12-02 19:29:19,SSI-D01220322-MM-YEL,"Devibav Plain Trump Blouse (M,Yellow)",1,"Rp130,000","Rp130,000","Rp67,667","Rp62,333"
ID-20171202-250318,2017-12-03 0:27:22,SSI-D01220357-SS-YEL,"Devibav Plain Trump Blouse (S,Yellow)",1,"Rp125,000","Rp125,000","Rp63,651","Rp61,349"
ID-20171203-697782,2017-12-03 0:46:22,SSI-D01220338-XX-SAL,"Devibav Plain Trump Blouse (XXL,Salem)",1,"Rp115,000","Rp115,000","Rp67,300","Rp47,700"
ID-20171203-676497,2017-12-03 1:25:44,SSI-D01466013-XX-BLA,"Salyara Plain Casual Big Blouse (XXL,Black)",1,"Rp120,000","Rp120,000","Rp78,270","Rp41,730"
ID-20171203-222155,2017-12-03 1:40:44,SSI-D01220307-XL-SAL,"Devibav Plain Trump Blouse (XL,Salem)",1,"Rp115,000","Rp115,000","Rp69,046","Rp45,954"
ID-20171203-756596,2017-12-03 2:53:52,SSI-D01322234-LL-WHI,"Thafqya Plain Raglan Blouse (L,White)",1,"Rp115,000","Rp115,000","Rp73,267","Rp41,733"
,,SSI-D01326299-LL-NAV,"Siunfhi Ethnic Trump Blouse (L,Navy)",1,"Rp125,000","Rp125,000","Rp66,956","Rp58,044"
ID-20171203-241034,2017-12-03 2:55:30,SSI-D01401064-XL-RED,"Zeomila Zipper Casual Blouse (XL,Red)",1,"Rp115,000","Rp115,000","Rp70,703","Rp44,297"
ID-20171203-178581,2017-12-03 2:56:10,SSI-D01466064-X3-BLA,"Salyara Plain Casual Big Blouse (XXXL,Black)",1,"Rp130,000","Rp130,000","Rp70,072","Rp59,928"
ID-20171203-755382,2017-12-03 2:56:52,SSI-D01401050-MM-RED,"Zeomila Zipper Casual Blouse (M,Red)",1,"Rp120,000","Rp120,000","Rp72,263","Rp47,737"
,,SSI-D01322275-XL-WHI,"Thafqya Plain Raglan Blouse (XL,White)",1,"Rp110,000","Rp110,000","Rp62,209","Rp47,791"
ID-20171203-587749,2017-12-03 4:21:51,SSI-D01401071-LL-RED,"Zeomila Zipper Casual Blouse (L,Red)",1,"Rp125,000","Rp125,000","Rp66,870","Rp58,130"
ID-20171203-233445,2017-12-03 4:50:50,SSI-D01220349-LL-YEL,"Devibav Plain Trump Blouse (L,Yellow)",1,"Rp125,000","Rp125,000","Rp72,544","Rp52,456"
ID-20171203-806765,2017-12-03 5:03:13,SSI-D01466064-X3-BLA,"Salyara Plain Casual Big Blouse (XXXL,Black)",1,"Rp130,000","Rp130,000","Rp70,072","Rp59,928"
,,SSI-D01322275-XL-WHI,"Thafqya Plain Raglan Blouse (XL,White)",1,"Rp130,000","Rp130,000","Rp62,209","Rp67,791"
ID-20171203-043184,2017-12-03 6:14:38,SSI-D00864661-MM-NAV,"Deklia Plain Casual Blouse (M,Navy)",1,"Rp125,000","Rp125,000","Rp71,781","Rp53,219"
ID-20171203-613931,2017-12-03 6:19:55,SSI-D01322275-XL-WHI,"Thafqya Plain Raglan Blouse (XL,White)",1,"Rp125,000","Rp125,000","Rp62,209","Rp62,791"
ID-20171203-710637,2017-12-03 6:29:29,SSI-D00864612-LL-NAV,"Deklia Plain Casual Blouse (L,Navy)",1,"Rp125,000","Rp125,000","Rp67,365","Rp57,635"
ID-20171203-332603,2017-12-03 6:59:20,SSI-D01401050-MM-RED,"Zeomila Zipper Casual Blouse (M,Red)",1,"Rp130,000","Rp130,000","Rp72,263","Rp57,737"
ID-20171203-579132,2017-12-03 7:15:55,SSI-D01326286-LL-KHA,"Siunfhi Ethnic Trump Blouse (L,Khaki)",1,"Rp125,000","Rp125,000","Rp68,454","Rp56,546"
ID-20171203-201667,2017-12-03 9:06:18,SSI-D01401071-LL-RED,"Zeomila Zipper Casual Blouse (L,Red)",1,"Rp120,000","Rp120,000","Rp66,870","Rp53,130"
ID-20171203-552323,2017-12-03 9:33:39,SSI-D01220357-SS-YEL,"Devibav Plain Trump Blouse (S,Yellow)",1,"Rp115,000","Rp115,000","Rp63,651","Rp51,349"
,,SSI-D01220322-MM-YEL,"Devibav Plain Trump Blouse (M,Yellow)",1,"Rp130,000","Rp130,000","Rp67,667","Rp62,333"
ID-20171203-094769,2017-12-03 10:02:12,SSI-D01401064-XL-RED,"Zeomila Zipper Casual Blouse (XL,Red)",1,"Rp125,000","Rp125,000","Rp70,703","Rp54,297"
,,SSI-D01220388-MM-SAL,"Devibav Plain Trump Blouse (M,Salem)",1,"Rp120,000","Rp120,000","Rp67,500","Rp52,500"
ID-20171203-359283,2017-12-03 10:45:25,SSI-D01401050-MM-RED,"Zeomila Zipper Casual Blouse (M,Red)",1,"Rp130,000","Rp130,000","Rp72,263","Rp57,737"
ID-20171203-167520,2017-12-03 11:03:50,SSI-D00864612-LL-NAV,"Deklia Plain Casual Blouse (L,Navy)",1,"Rp110,000","Rp110,000","Rp67,365","Rp42,635"
ID-20171203-772169,2017-12-03 11:07:38,SSI-D01220346-LL-SAL,"Devibav Plain Trump Blouse (L,Salem)",1,"Rp110,000","Rp110,000","Rp71,880","Rp38,120"
,,SSI-D01220338-XX-SAL,"Devibav Plain Trump Blouse (XXL,Salem)",4,"Rp120,000","Rp480,000","Rp67,300","Rp210,800"
,,SSI-D01322275-XL-WHI,"Thafqya Plain Raglan Blouse (XL,White)",1,"Rp130,000","Rp130,000","Rp62,209","Rp67,791"
ID-20171203-549384,2017-12-03 13:42:32,SSI-D01326223-MM-KHA,"Siunfhi Ethnic Trump Blouse (M,Khaki)",1,"Rp115,000","Rp115,000","Rp64,729","Rp50,271"
ID-20171203-874066,2017-12-03 15:01:33,SSI-D01322275-XL-WHI,"Thafqya Plain Raglan Blouse (XL,White)",1,"Rp120,000","Rp120,000","Rp62,209","Rp57,791"
,,SSI-D01401064-XL-RED,"Zeomila Zipper Casual Blouse (XL,Red)",1,"Rp120,000","Rp120,000","Rp70,703","Rp49,297"
ID-20171203-964016,2017-12-03 16:14:11,SSI-D01037807-X3-BWH,"Dellaya Plain Loose Big Blouse (XXXL,Broken White)",1,"Rp115,000","Rp115,000","Rp62,320","Rp52,680"
ID-20171203-459438,2017-12-03 17:34:13,SSI-D01401064-XL-RED,"Zeomila Zipper Casual Blouse (XL,Red)",1,"Rp130,000","Rp130,000","Rp70,703","Rp59,297"
,,SSI-D01322234-LL-WHI,"Thafqya Plain Raglan Blouse (L,White)",1,"Rp115,000","Rp115,000","Rp73,267","Rp41,733"
ID-20171204-267069,2017-12-04 0:37:41,SSI-D01220322-MM-YEL,"Devibav Plain Trump Blouse (M,Yellow)",1,"Rp120,000","Rp120,000","Rp67,667","Rp52,333"
ID-20171204-369151,2017-12-04 0:44:13,SSI-D01401071-LL-RED,"Zeomila Zipper Casual Blouse (L,Red)",1,"Rp120,000","Rp120,000","Rp66,870","Rp53,130"
ID-20171204-778945,2017-12-04 0:55:08,SSI-D01401071-LL-RED,"Zeomila Zipper Casual Blouse (L,Red)",1,"Rp125,000","Rp125,000","Rp66,870","Rp58,130"
,,SSI-D00864612-LL-NAV,"Deklia Plain Casual Blouse (L,Navy)",1,"Rp110,000","Rp110,000","Rp67,365","Rp42,635"
ID-20171204-848305,2017-12-04 1:40:47,SSI-D01401071-LL-RED,"Zeomila Zipper Casual Blouse (L,Red)",1,"Rp120,000","Rp120,000","Rp66,870","Rp53,130"
,,SSI-D01401050-MM-RED,"Zeomila Zipper Casual Blouse (M,Red)",1,"Rp110,000","Rp110,000","Rp72,263","Rp37,737"
ID-20171204-483210,2017-12-04 1:54:02,SSI-D01037812-X3-BLA,"Dellaya Plain Loose Big Blouse (XXXL,Black)",1,"Rp120,000","Rp120,000","Rp67,801","Rp52,199"
ID-20171204-092042,2017-12-04 2:11:14,SSI-D01220349-LL-YEL,"Devibav Plain Trump Blouse (L,Yellow)",1,"Rp125,000","Rp125,000","Rp72,544","Rp52,456"
,,SSI-D00864612-LL-NAV,"Deklia Plain Casual Blouse (L,Navy)",1,"Rp125,000","Rp125,000","Rp67,365","Rp57,635"
ID-20171204-853415,2017-12-04 2:56:13,SSI-D01220349-LL-YEL,"Devibav Plain Trump Blouse (L,Yellow)",1,"Rp120,000","Rp120,000","Rp72,544","Rp47,456"
ID-20171204-766028,2017-12-04 3:05:56,SSI-D01037822-XX-BLA,"Dellaya Plain Loose Big Blouse (XXL,Black)",1,"Rp125,000","Rp125,000","Rp74,010","Rp50,990"
ID-20171204-567287,2017-12-04 3:38:51,SSI-D01401064-XL-RED,"Zeomila Zipper Casual Blouse (XL,Red)",1,"Rp125,000","Rp125,000","Rp70,703","Rp54,297"
,,SSI-D01401064-XL-RED,"Zeomila Zipper Casual Blouse (XL,Red)",1,"Rp115,000","Rp115,000","Rp70,703","Rp44,297"
ID-20171204-286393,2017-12-04 4:24:22,SSI-D01401071-LL-RED,"Zeomila Zipper Casual Blouse (L,Red)",1,"Rp125,000","Rp125,000","Rp66,870","Rp58,130"
ID-20171204-447492,2017-12-04 4:26:23,SSI-D01326205-MM-NAV,"Siunfhi Ethnic Trump Blouse (M,Navy)",1,"Rp125,000","Rp125,000","Rp75,210","Rp49,790"
ID-20171204-688477,2017-12-04 4:40:44,SSI-D01220334-XL-YEL,"Devibav Plain Trump Blouse (XL,Yellow)",1,"Rp130,000","Rp130,000","Rp71,836","Rp58,164"
ID-20171204-357067,2017-12-04 5:09:10,SSI-D01401071-LL-RED,"Zeomila Zipper Casual Blouse (L,Red)",1,"Rp115,000","Rp115,000","Rp66,870","Rp48,130"
,,SSI-D01326286-LL-KHA,"Siunfhi Ethnic Trump Blouse (L,Khaki)",1,"Rp115,000","Rp115,000","Rp68,454","Rp46,546"
ID-20171204-658513,2017-12-04 5:21:44,SSI-D01466064-X3-BLA,"Salyara Plain Casual Big Blouse (XXXL,Black)",1,"Rp125,000","Rp125,000","Rp70,072","Rp54,928"
ID-20171204-023078,2017-12-04 5:22:34,SSI-D01220307-XL-SAL,"Devibav Plain Trump Blouse (XL,Salem)",1,"Rp110,000","Rp110,000","Rp69,046","Rp40,954"
ID-20171204-599094,2017-12-04 5:31:46,SSI-D01401050-MM-RED,"Zeomila Zipper Casual Blouse (M,Red)",1,"Rp115,000","Rp115,000","Rp72,263","Rp42,737"
ID-20171204-217545,2017-12-04 6:10:51,SSI-D00864661-MM-NAV,"Deklia Plain Casual Blouse (M,Navy)",1,"Rp120,000","Rp120,000","Rp71,781","Rp48,219"
ID-20171204-203204,2017-12-04 6:21:19,SSI-D01220355-XX-YEL,"Devibav Plain Trump Blouse (XXL,Yellow)",1,"Rp130,000","Rp130,000","Rp65,365","Rp64,635"
,,SSI-D01401071-LL-RED,"Zeomila Zipper Casual Blouse (L,Red)",1,"Rp110,000","Rp110,000","Rp66,870","Rp43,130"
ID-20171204-236078,2017-12-04 7:27:44,SSI-D01401064-XL-RED,"Zeomila Zipper Casual Blouse (XL,Red)",1,"Rp125,000","Rp125,000","Rp70,703","Rp54,297"
ID-20171204-366388,2017-12-04 8:13:05,SSI-D00864661-MM-NAV,"Deklia Plain Casual Blouse (M,Navy)",1,"Rp125,000","Rp125,000","Rp71,781","Rp53,219"
,,SSI-D01401064-XL-RED,"Zeomila Zipper Casual Blouse (XL,Red)",1,"Rp110,000","Rp110,000","Rp70,703","Rp39,297"
ID-20171204-430502,2017-12-04 10:02:03,SSI-D01401064-XL-RED,"Zeomila Zipper Casual Blouse (XL,Red)",1,"Rp130,000","Rp130,000","Rp70,703","Rp59,297"
,,SSI-D01220355-XX-YEL,"Devibav Plain Trump Blouse (XXL,Yellow)",1,"Rp130,000","Rp130,000","Rp65,365","Rp64,635"
ID-20171204-377474,2017-12-04 11:46:24,SSI-D01401050-MM-RED,"Zeomila Zipper Casual Blouse (M,Red)",1,"Rp130,000","Rp130,000","Rp72,263","Rp57,737"
ID-20171204-582548,2017-12-04 12:51:16,SSI-D01401050-MM-RED,"Zeomila Zipper Casual Blouse (M,Red)",1,"Rp110,000","Rp110,000","Rp72,263","Rp37,737"
ID-20171204-191453,2017-12-04 13:34:11,SSI-D01220355-XX-YEL,"Devibav Plain Trump Blouse (XXL,Yellow)",1,"Rp125,000","Rp125,000","Rp65,365","Rp59,635"
ID-20171204-661654,2017-12-04 13:57:35,SSI-D01220388-MM-SAL,"Devibav Plain Trump Blouse (M,Salem)",1,"Rp110,000","Rp110,000","Rp67,500","Rp42,500"
,,SSI-D01401071-LL-RED,"Zeomila Zipper Casual Blouse (L,Red)",1,"Rp110,000","Rp110,000","Rp66,870","Rp43,130"
ID-20171204-357710,2017-12-04 15:31:13,SSI-D01401050-MM-RED,"Zeomila Zipper Casual Blouse (M,Red)",1,"Rp125,000","Rp125,000","Rp72,263","Rp52,737"
ID-20171204-557630,2017-12-04 15:31:44,SSI-D01401064-XL-RED,"Zeomila Zipper Casual Blouse (XL,Red)",1,"Rp125,000","Rp125,000","Rp70,703","Rp54,297"
,,SSI-D01220388-MM-SAL,"Devibav Plain Trump Blouse (M,Salem)",1,"Rp120,000","Rp120,000","Rp67,500","Rp52,500"
ID-20171204-597470,2017-12-04 22:45:09,SSI-D01322234-LL-WHI,"Thafqya Plain Raglan Blouse (L,White)",1,"Rp125,000","Rp125,000","Rp73,267","Rp51,733"
ID-20171204-238474,2017-12-04 23:30:38,SSI-D01401071-LL-RED,"Zeomila Zipper Casual Blouse (L,Red)",2,"Rp115,000","Rp230,000","Rp66,870","Rp96,260"
,,SSI-D01220388-MM-SAL,"Devibav Plain Trump Blouse (M,Salem)",1,"Rp115,000","Rp115,000","Rp67,500","Rp47,500"
ID-20171205-094700,2017-12-05 0:35:32,SSI-D01401071-LL-RED,"Zeomila Zipper Casual Blouse (L,Red)",1,"Rp110,000","Rp110,000","Rp66,870","Rp43,130"
,,SSI-D00864612-LL-NAV,"Deklia Plain Casual Blouse (L,Navy)",1,"Rp110,000","Rp110,000","Rp67,365","Rp42,635"
ID-20171205-044965,2017-12-05 0:45:31,SSI-D01220357-SS-YEL,"Devibav Plain Trump Blouse (S,Yellow)",1,"Rp120,000","Rp120,000","Rp63,651","Rp56,349"
,,SSI-D01401050-MM-RED,"Zeomila Zipper Casual Blouse (M,Red)",1,"Rp110,000","Rp110,000","Rp72,263","Rp37,737"
ID-20171205-587922,2017-12-05 1:34:28,SSI-D01322275-XL-WHI,"Thafqya Plain Raglan Blouse (XL,White)",1,"Rp125,000","Rp125,000","Rp62,209","Rp62,791"
ID-20171205-214315,2017-12-05 1:43:56,SSI-D01326223-MM-KHA,"Siunfhi Ethnic Trump Blouse (M,Khaki)",1,"Rp110,000","Rp110,000","Rp64,729","Rp45,271"
,,SSI-D01322275-XL-WHI,"Thafqya Plain Raglan Blouse (XL,White)",1,"Rp120,000","Rp120,000","Rp62,209","Rp57,791"
ID-20171205-667277,2017-12-05 2:00:57,SSI-D01326201-XL-KHA,"Siunfhi Ethnic Trump Blouse (XL,Khaki)",1,"Rp130,000","Rp130,000","Rp69,809","Rp60,191"
ID-20171205-572989,2017-12-05 2:03:48,SSI-D01322234-LL-WHI,"Thafqya Plain Raglan Blouse (L,White)",1,"Rp125,000","Rp125,000","Rp73,267","Rp51,733"
ID-20171205-795323,2017-12-05 3:52:53,SSI-D01220388-MM-SAL,"Devibav Plain Trump Blouse (M,Salem)",3,"Rp130,000","Rp390,000","Rp67,500","Rp187,500"
,,SSI-D01220388-MM-SAL,"Devibav Plain Trump Blouse (M,Salem)",1,"Rp120,000","Rp120,000","Rp67,500","Rp52,500"
ID-20171205-876768,2017-12-05 4:33:49,SSI-D00864661-MM-NAV,"Deklia Plain Casual Blouse (M,Navy)",1,"Rp130,000","Rp130,000","Rp71,781","Rp58,219"
ID-20171205-488011,2017-12-05 4:50:41,SSI-D00864612-LL-NAV,"Deklia Plain Casual Blouse (L,Navy)",1,"Rp130,000","Rp130,000","Rp67,365","Rp62,635"
ID-20171205-004590,2017-12-05 4:54:54,SSI-D01401071-LL-RED,"Zeomila Zipper Casual Blouse (L,Red)",1,"Rp130,000","Rp130,000","Rp66,870","Rp63,130"
,,SSI-D01220388-MM-SAL,"Devibav Plain Trump Blouse (M,Salem)",1,"Rp115,000","Rp115,000","Rp67,500","Rp47,500"
ID-20171205-458232,2017-12-05 5:56:08,SSI-D01322234-LL-WHI,"Thafqya Plain Raglan Blouse (L,White)",1,"Rp125,000","Rp125,000","Rp73,267","Rp51,733"
ID-20171205-126530,2017-12-05 6:45:00,SSI-D00864661-MM-NAV,"Deklia Plain Casual Blouse (M,Navy)",1,"Rp120,000","Rp120,000","Rp71,781","Rp48,219"
ID-20171205-387144,2017-12-05 7:01:45,SSI-D00864612-LL-NAV,"Deklia Plain Casual Blouse (L,Navy)",1,"Rp110,000","Rp110,000","Rp67,365","Rp42,635"
ID-20171205-959024,2017-12-05 7:05:42,SSI-D00864612-LL-NAV,"Deklia Plain Casual Blouse (L,Navy)",1,"Rp125,000","Rp125,000","Rp67,365","Rp57,635"
ID-20171205-140438,2017-12-05 8:10:19,SSI-D00864661-MM-NAV,"Deklia Plain Casual Blouse (M,Navy)",1,"Rp125,000","Rp125,000","Rp71,781","Rp53,219"
ID-20171205-569746,2017-12-05 10:41:32,SSI-D01326299-LL-NAV,"Siunfhi Ethnic Trump Blouse (L,Navy)",1,"Rp110,000","Rp110,000","Rp66,956","Rp43,044"
ID-20171205-814748,2017-12-05 11:55:42,SSI-D01326201-XL-KHA,"Siunfhi Ethnic Trump Blouse (XL,Khaki)",1,"Rp120,000","Rp120,000","Rp69,809","Rp50,191"
,,SSI-D00791091-XL-BWH,"Zalekia Plain Casual Blouse (XL,Broken White)",1,"Rp125,000","Rp125,000","Rp73,323","Rp51,677"
ID-20171205-723710,2017-12-05 13:14:59,SSI-D01322234-LL-WHI,"Thafqya Plain Raglan Blouse (L,White)",1,"Rp110,000","Rp110,000","Rp73,267","Rp36,733"
ID-20171205-897421,2017-12-05 13:44:12,SSI-D01322234-LL-WHI,"Thafqya Plain Raglan Blouse (L,White)",1,"Rp110,000","Rp110,000","Rp73,267","Rp36,733"
ID-20171205-990226,2017-12-05 14:07:24,SSI-D01220357-SS-YEL,"Devibav Plain Trump Blouse (S,Yellow)",1,"Rp115,000","Rp115,000","Rp63,651","Rp51,349"
ID-20171205-799418,2017-12-05 14:38:45,SSI-D00864612-LL-NAV,"Deklia Plain Casual Blouse (L,Navy)",1,"Rp110,000","Rp110,000","Rp67,365","Rp42,635"
ID-20171205-024952,2017-12-05 15:15:40,SSI-D00791015-LL-BWH,"Zalekia Plain Casual Blouse (L,Broken White)",1,"Rp110,000","Rp110,000","Rp70,448","Rp39,552"
ID-20171205-375955,2017-12-05 17:52:54,SSI-D01220349-LL-YEL,"Devibav Plain Trump Blouse (L,Yellow)",1,"Rp115,000","Rp115,000","Rp72,544","Rp42,456"
,,SSI-D01322275-XL-WHI,"Thafqya Plain Raglan Blouse (XL,White)",1,"Rp130,000","Rp130,000","Rp62,209","Rp67,791"
ID-20171205-820027,2017-12-05 19:11:05,SSI-D01037822-XX-BLA,"Dellaya Plain Loose Big Blouse (XXL,Black)",1,"Rp125,000","Rp125,000","Rp74,010","Rp50,990"
,,SSI-D00864661-MM-NAV,"Deklia Plain Casual Blouse (M,Navy)",1,"Rp120,000","Rp120,000","Rp71,781","Rp48,219"
ID-20171205-584972,2017-12-06 2:51:57,SSI-D01322275-XL-WHI,"Thafqya Plain Raglan Blouse (XL,White)",1,"Rp120,000","Rp120,000","Rp62,209","Rp57,791"
ID-20171206-130674,2017-12-06 3:07:33,SSI-D01401064-XL-RED,"Zeomila Zipper Casual Blouse (XL,Red)",1,"Rp110,000","Rp110,000","Rp70,703","Rp39,297"
ID-20171206-883808,2017-12-06 3:14:21,SSI-D01220349-LL-YEL,"Devibav Plain Trump Blouse (L,Yellow)",1,"Rp110,000","Rp110,000","Rp72,544","Rp37,456"
ID-20171206-934657,2017-12-06 3:34:13,SSI-D00864612-LL-NAV,"Deklia Plain Casual Blouse (L,Navy)",1,"Rp125,000","Rp125,000","Rp67,365","Rp57,635"
,,SSI-D01326286-LL-KHA,"Siunfhi Ethnic Trump Blouse (L,Khaki)",1,"Rp120,000","Rp120,000","Rp68,454","Rp51,546"
ID-20171206-877780,2017-12-06 6:05:48,SSI-D01322275-XL-WHI,"Thafqya Plain Raglan Blouse (XL,White)",2,"Rp110,000","Rp220,000","Rp62,209","Rp95,581"
,,SSI-D01220349-LL-YEL,"Devibav Plain Trump Blouse (L,Yellow)",1,"Rp115,000","Rp115,000","Rp72,544","Rp42,456"
ID-20171206-904900,2017-12-06 6:25:42,SSI-D01326205-MM-NAV,"Siunfhi Ethnic Trump Blouse (M,Navy)",1,"Rp130,000","Rp130,000","Rp75,210","Rp54,790"
ID-20171206-990859,2017-12-06 6:41:14,SSI-D00864612-LL-NAV,"Deklia Plain Casual Blouse (L,Navy)",1,"Rp120,000","Rp120,000","Rp67,365","Rp52,635"
ID-20171206-845897,2017-12-06 10:33:10,SSI-D01326299-LL-NAV,"Siunfhi Ethnic Trump Blouse (L,Navy)",1,"Rp115,000","Rp115,000","Rp66,956","Rp48,044"
ID-20171206-100887,2017-12-06 10:52:42,SSI-D01322234-LL-WHI,"Thafqya Plain Raglan Blouse (L,White)",1,"Rp130,000","Rp130,000","Rp73,267","Rp56,733"
ID-20171206-752043,2017-12-06 13:19:53,SSI-D01220349-LL-YEL,"Devibav Plain Trump Blouse (L,Yellow)",1,"Rp120,000","Rp120,000","Rp72,544","Rp47,456"
ID-20171206-890720,2017-12-06 13:45:35,SSI-D01322275-XL-WHI,"Thafqya Plain Raglan Blouse (XL,White)",1,"Rp115,000","Rp115,000","Rp62,209","Rp52,791"
ID-20171206-877565,2017-12-06 14:58:35,SSI-D01322275-XL-WHI,"Thafqya Plain Raglan Blouse (XL,White)",1,"Rp130,000","Rp130,000","Rp62,209","Rp67,791"
,,SSI-D01220357-SS-YEL,"Devibav Plain Trump Blouse (S,Yellow)",1,"Rp115,000","Rp115,000","Rp63,651","Rp51,349"
ID-20171206-414465,2017-12-06 23:11:24,SSI-D01220346-LL-SAL,"Devibav Plain Trump Blouse (L,Salem)",1,"Rp130,000","Rp130,000","Rp71,880","Rp58,120"
ID-20171206-040870,2017-12-06 23:12:03,SSI-D01220388-MM-SAL,"Devibav Plain Trump Blouse (M,Salem)",1,"Rp130,000","Rp130,000","Rp67,500","Rp62,500"
ID-20171207-374282,2017-12-07 3:34:41,SSI-D01322275-XL-WHI,"Thafqya Plain Raglan Blouse (XL,White)",1,"Rp115,000","Rp115,000","Rp62,209","Rp52,791"
ID-20171207-154800,2017-12-07 4:12:32,SSI-D01322234-LL-WHI,"Thafqya Plain Raglan Blouse (L,White)",1,"Rp115,000","Rp115,000","Rp73,267","Rp41,733"
,,SSI-D01037822-XX-BLA,"Dellaya Plain Loose Big Blouse (XXL,Black)",1,"Rp120,000","Rp120,000","Rp74,010","Rp45,990"
ID-20171207-083579,2017-12-07 4:36:14,SSI-D00864661-MM-NAV,"Deklia Plain Casual Blouse (M,Navy)",1,"Rp120,000","Rp120,000","Rp71,781","Rp48,219"
ID-20171207-252527,2017-12-07 4:53:15,SSI-D01220322-MM-YEL,"Devibav Plain Trump Blouse (M,Yellow)",1,"Rp115,000","Rp115,000","Rp67,667","Rp47,333"
,,SSI-D00864661-MM-NAV,"Deklia Plain Casual Blouse (M,Navy)",1,"Rp125,000","Rp125,000","Rp71,781","Rp53,219"
ID-20171207-363344,2017-12-07 5:36:02,SSI-D01326299-LL-NAV,"Siunfhi Ethnic Trump Blouse (L,Navy)",1,"Rp120,000","Rp120,000","Rp66,956","Rp53,044"
ID-20171207-121592,2017-12-07 8:16:00,SSI-D00864612-LL-NAV,"Deklia Plain Casual Blouse (L,Navy)",1,"Rp115,000","Rp115,000","Rp67,365","Rp47,635"
,,SSI-D01322234-LL-WHI,"Thafqya Plain Raglan Blouse (L,White)",1,"Rp110,000","Rp110,000","Rp73,267","Rp36,733"
ID-20171207-213561,2017-12-07 10:13:13,SSI-D01326286-LL-KHA,"Siunfhi Ethnic Trump Blouse (L,Khaki)",1,"Rp110,000","Rp110,000","Rp68,454","Rp41,546"
,,SSI-D01037822-XX-BLA,"Dellaya Plain Loose Big Blouse (XXL,Black)",1,"Rp110,000","Rp110,000","Rp74,010","Rp35,990"
ID-20171207-489881,2017-12-07 14:00:17,SSI-D01220322-MM-YEL,"Devibav Plain Trump Blouse (M,Yellow)",1,"Rp115,000","Rp115,000","Rp67,667","Rp47,333"
ID-20171207-363609,2017-12-07 14:01:06,SSI-D00864612-LL-NAV,"Deklia Plain Casual Blouse (L,Navy)",1,"Rp125,000","Rp125,000","Rp67,365","Rp57,635"
ID-20171207-371707,2017-12-07 14:14:34,SSI-D01037822-XX-BLA,"Dellaya Plain Loose Big Blouse (XXL,Black)",1,"Rp130,000","Rp130,000","Rp74,010","Rp55,990"
ID-20171207-658742,2017-12-07 14:16:06,SSI-D01220334-XL-YEL,"Devibav Plain Trump Blouse (XL,Yellow)",1,"Rp130,000","Rp130,000","Rp71,836","Rp58,164"
,,SSI-D01220346-LL-SAL,"Devibav Plain Trump Blouse (L,Salem)",1,"Rp130,000","Rp130,000","Rp71,880","Rp58,120"
ID-20171207-845440,2017-12-07 15:25:35,SSI-D01220349-LL-YEL,"Devibav Plain Trump Blouse (L,Yellow)",1,"Rp120,000","Rp120,000","Rp72,544","Rp47,456"
,,SSI-D01220338-XX-SAL,"Devibav Plain Trump Blouse (XXL,Salem)",1,"Rp125,000","Rp125,000","Rp67,300","Rp57,700"
ID-20171207-049209,2017-12-07 17:14:21,SSI-D01220355-XX-YEL,"Devibav Plain Trump Blouse (XXL,Yellow)",1,"Rp115,000","Rp115,000","Rp65,365","Rp49,635"
ID-20171207-966648,2017-12-07 19:10:01,SSI-D00864612-LL-NAV,"Deklia Plain Casual Blouse (L,Navy)",1,"Rp130,000","Rp130,000","Rp67,365","Rp62,635"
ID-20171207-736072,2017-12-07 21:17:25,SSI-D00791015-LL-BWH,"Zalekia Plain Casual Blouse (L,Broken White)",1,"Rp125,000","Rp125,000","Rp70,448","Rp54,552"
ID-20171207-021250,2017-12-08 2:13:34,SSI-D01326286-LL-KHA,"Siunfhi Ethnic Trump Blouse (L,Khaki)",1,"Rp125,000","Rp125,000","Rp68,454","Rp56,546"
ID-20171208-568576,2017-12-08 2:42:30,SSI-D01322275-XL-WHI,"Thafqya Plain Raglan Blouse (XL,White)",1,"Rp110,000","Rp110,000","Rp62,209","Rp47,791"
,,SSI-D01401050-MM-RED,"Zeomila Zipper Casual Blouse (M,Red)",1,"Rp125,000","Rp125,000","Rp72,263","Rp52,737"
ID-20171208-626382,2017-12-08 4:38:35,SSI-D01322275-XL-WHI,"Thafqya Plain Raglan Blouse (XL,White)",1,"Rp130,000","Rp130,000","Rp62,209","Rp67,791"
ID-20171208-684258,2017-12-08 6:12:08,SSI-D00864612-LL-NAV,"Deklia Plain Casual Blouse (L,Navy)",1,"Rp130,000","Rp130,000","Rp67,365","Rp62,635"
,,SSI-D00864612-LL-NAV,"Deklia Plain Casual Blouse (L,Navy)",1,"Rp115,000","Rp115,000","Rp67,365","Rp47,635"
ID-20171208-746419,2017-12-08 6:56:59,SSI-D01220388-MM-SAL,"Devibav Plain Trump Blouse (M,Salem)",1,"Rp110,000","Rp110,000","Rp67,500","Rp42,500"
ID-20171208-672620,2017-12-08 8:13:37,SSI-D01037822-XX-BLA,"Dellaya Plain Loose Big Blouse (XXL,Black)",1,"Rp130,000","Rp130,000","Rp74,010","Rp55,990"
ID-20171208-686195,2017-12-08 8:15:18,SSI-D00864612-LL-NAV,"Deklia Plain Casual Blouse (L,Navy)",1,"Rp110,000","Rp110,000","Rp67,365","Rp42,635"
,,SSI-D00791077-MM-BWH,"Zalekia Plain Casual Blouse (M,Broken White)",1,"Rp130,000","Rp130,000","Rp71,854","Rp58,146"
ID-20171208-730436,2017-12-08 8:41:49,SSI-D01220355-XX-YEL,"Devibav Plain Trump Blouse (XXL,Yellow)",1,"Rp110,000","Rp110,000","Rp65,365","Rp44,635"
ID-20171208-900678,2017-12-08 10:22:47,SSI-D01220388-MM-SAL,"Devibav Plain Trump Blouse (M,Salem)",1,"Rp125,000","Rp125,000","Rp67,500","Rp57,500"
ID-20171208-606576,2017-12-08 10:26:57,SSI-D01220388-MM-SAL,"Devibav Plain Trump Blouse (M,Salem)",1,"Rp115,000","Rp115,000","Rp67,500","Rp47,500"
ID-20171208-527174,2017-12-08 11:22:53,SSI-D01322234-LL-WHI,"Thafqya Plain Raglan Blouse (L,White)",1,"Rp125,000","Rp125,000","Rp73,267","Rp51,733"
ID-20171208-928009,2017-12-08 12:15:49,SSI-D01322234-LL-WHI,"Thafqya Plain Raglan Blouse (L,White)",1,"Rp125,000","Rp125,000","Rp73,267","Rp51,733"
,,SSI-D01322275-XL-WHI,"Thafqya Plain Raglan Blouse (XL,White)",1,"Rp130,000","Rp130,000","Rp62,209","Rp67,791"
ID-20171208-871274,2017-12-08 14:17:59,SSI-D01220388-MM-SAL,"Devibav Plain Trump Blouse (M,Salem)",1,"Rp130,000","Rp130,000","Rp67,500","Rp62,500"
,,SSI-D01220388-MM-SAL,"Devibav Plain Trump Blouse (M,Salem)",1,"Rp120,000","Rp120,000","Rp67,500","Rp52,500"
ID-20171208-608958,2017-12-08 16:13:47,SSI-D01322234-LL-WHI,"Thafqya Plain Raglan Blouse (L,White)",1,"Rp120,000","Rp120,000","Rp73,267","Rp46,733"
,,SSI-D01326205-MM-NAV,"Siunfhi Ethnic Trump Blouse (M,Navy)",1,"Rp130,000","Rp130,000","Rp75,210","Rp54,790"
ID-20171208-679432,2017-12-08 17:21:58,SSI-D01220388-MM-SAL,"Devibav Plain Trump Blouse (M,Salem)",1,"Rp115,000","Rp115,000","Rp67,500","Rp47,500"
ID-20171208-101785,2017-12-08 23:15:53,SSI-D00864614-XL-NAV,"Deklia Plain Casual Blouse (XL,Navy)",1,"Rp115,000","Rp115,000","Rp65,304","Rp49,696"
,,SSI-D01037807-X3-BWH,"Dellaya Plain Loose Big Blouse (XXXL,Broken White)",1,"Rp130,000","Rp130,000","Rp62,320","Rp67,680"
ID-20171209-683254,2017-12-09 1:49:59,SSI-D00791091-XL-BWH,"Zalekia Plain Casual Blouse (XL,Broken White)",1,"Rp130,000","Rp130,000","Rp73,323","Rp56,677"
ID-20171209-342079,2017-12-09 2:02:50,SSI-D00791091-XL-BWH,"Zalekia Plain Casual Blouse (XL,Broken White)",1,"Rp125,000","Rp125,000","Rp73,323","Rp51,677"
ID-20171209-963179,2017-12-09 2:05:10,SSI-D01220355-XX-YEL,"Devibav Plain Trump Blouse (XXL,Yellow)",1,"Rp115,000","Rp115,000","Rp65,365","Rp49,635"
,,SSI-D01037822-XX-BLA,"Dellaya Plain Loose Big Blouse (XXL,Black)",1,"Rp115,000","Rp115,000","Rp74,010","Rp40,990"
ID-20171209-415144,2017-12-09 6:11:57,SSI-D01220355-XX-YEL,"Devibav Plain Trump Blouse (XXL,Yellow)",1,"Rp130,000","Rp130,000","Rp65,365","Rp64,635"
ID-20171209-549940,2017-12-09 7:42:37,SSI-D01322275-XL-WHI,"Thafqya Plain Raglan Blouse (XL,White)",1,"Rp110,000","Rp110,000","Rp62,209","Rp47,791"
,,SSI-D01220307-XL-SAL,"Devibav Plain Trump Blouse (XL,Salem)",1,"Rp130,000","Rp130,000","Rp69,046","Rp60,954"
ID-20171209-414655,2017-12-09 10:21:31,SSI-D01326205-MM-NAV,"Siunfhi Ethnic Trump Blouse (M,Navy)",1,"Rp115,000","Rp115,000","Rp75,210","Rp39,790"
,,SSI-D01322275-XL-WHI,"Thafqya Plain Raglan Blouse (XL,White)",1,"Rp115,000","Rp115,000","Rp62,209","Rp52,791"
ID-20171209-470893,2017-12-09 13:36:14,SSI-D01326201-XL-KHA,"Siunfhi Ethnic Trump Blouse (XL,Khaki)",1,"Rp130,000","Rp130,000","Rp69,809","Rp60,191"
ID-20171209-366637,2017-12-09 14:17:19,SSI-D00864612-LL-NAV,"Deklia Plain Casual Blouse (L,Navy)",1,"Rp120,000","Rp120,000","Rp67,365","Rp52,635"
ID-20171209-117142,2017-12-09 15:27:02,SSI-D01322275-XL-WHI,"Thafqya Plain Raglan Blouse (XL,White)",1,"Rp110,000","Rp110,000","Rp62,209","Rp47,791"
,,SSI-D00791091-XL-BWH,"Zalekia Plain Casual Blouse (XL,Broken White)",1,"Rp130,000","Rp130,000","Rp73,323","Rp56,677"
ID-20171209-694435,2017-12-10 0:25:16,SSI-D01037822-XX-BLA,"Dellaya Plain Loose Big Blouse (XXL,Black)",1,"Rp110,000","Rp110,000","Rp74,010","Rp35,990"
ID-20171210-211452,2017-12-10 1:30:02,SSI-D01326299-LL-NAV,"Siunfhi Ethnic Trump Blouse (L,Navy)",1,"Rp125,000","Rp125,000","Rp66,956","Rp58,044"
ID-20171210-223115,2017-12-10 1:57:36,SSI-D01220334-XL-YEL,"Devibav Plain Trump Blouse (XL,Yellow)",1,"Rp125,000","Rp125,000","Rp71,836","Rp53,164"
,,SSI-D01220346-LL-SAL,"Devibav Plain Trump Blouse (L,Salem)",1,"Rp120,000","Rp120,000","Rp71,880","Rp48,120"
ID-20171210-211334,2017-12-10 2:59:57,SSI-D00791077-MM-BWH,"Zalekia Plain Casual Blouse (M,Broken White)",1,"Rp115,000","Rp115,000","Rp71,854","Rp43,146"
ID-20171210-623168,2017-12-10 3:42:16,SSI-D01322275-XL-WHI,"Thafqya Plain Raglan Blouse (XL,White)",1,"Rp120,000","Rp120,000","Rp62,209","Rp57,791"
ID-20171210-706758,2017-12-10 3:43:45,SSI-D01220338-XX-SAL,"Devibav Plain Trump Blouse (XXL,Salem)",1,"Rp120,000","Rp120,000","Rp67,300","Rp52,700"
,,SSI-D01220338-XX-SAL,"Devibav Plain Trump Blouse (XXL,Salem)",1,"Rp120,000","Rp120,000","Rp67,300","Rp52,700"
ID-20171210-998872,2017-12-10 4:56:13,SSI-D01322275-XL-WHI,"Thafqya Plain Raglan Blouse (XL,White)",1,"Rp110,000","Rp110,000","Rp62,209","Rp47,791"
,,SSI-D01326286-LL-KHA,"Siunfhi Ethnic Trump Blouse (L,Khaki)",1,"Rp115,000","Rp115,000","Rp68,454","Rp46,546"
ID-20171210-242722,2017-12-10 6:26:30,SSI-D01322275-XL-WHI,"Thafqya Plain Raglan Blouse (XL,White)",1,"Rp115,000","Rp115,000","Rp62,209","Rp52,791"
ID-20171210-263520,2017-12-10 7:19:10,SSI-D01220307-XL-SAL,"Devibav Plain Trump Blouse (XL,Salem)",1,"Rp120,000","Rp120,000","Rp69,046","Rp50,954"
ID-20171210-225835,2017-12-10 7:34:29,SSI-D01220349-LL-YEL,"Devibav Plain Trump Blouse (L,Yellow)",1,"Rp120,000","Rp120,000","Rp72,544","Rp47,456"
ID-20171210-519108,2017-12-10 8:48:21,SSI-D01322234-LL-WHI,"Thafqya Plain Raglan Blouse (L,White)",1,"Rp120,000","Rp120,000","Rp73,601","Rp46,399"
ID-20171210-400610,2017-12-10 13:45:39,SSI-D00791077-MM-BWH,"Zalekia Plain Casual Blouse (M,Broken White)",1,"Rp120,000","Rp120,000","Rp71,854","Rp48,146"
,,SSI-D01220334-XL-YEL,"Devibav Plain Trump Blouse (XL,Yellow)",1,"Rp120,000","Rp120,000","Rp71,836","Rp48,164"
ID-20171210-207290,2017-12-10 15:38:34,SSI-D01322275-XL-WHI,"Thafqya Plain Raglan Blouse (XL,White)",1,"Rp125,000","Rp125,000","Rp62,209","Rp62,791"
,,SSI-D00864612-LL-NAV,"Deklia Plain Casual Blouse (L,Navy)",1,"Rp125,000","Rp125,000","Rp67,365","Rp57,635"
ID-20171210-679538,2017-12-10 23:40:54,SSI-D00864612-LL-NAV,"Deklia Plain Casual Blouse (L,Navy)",1,"Rp130,000","Rp130,000","Rp67,365","Rp62,635"
ID-20171211-859612,2017-12-11 1:46:57,SSI-D01220334-XL-YEL,"Devibav Plain Trump Blouse (XL,Yellow)",1,"Rp115,000","Rp115,000","Rp71,836","Rp43,164"
,,SSI-D01220334-XL-YEL,"Devibav Plain Trump Blouse (XL,Yellow)",1,"Rp110,000","Rp110,000","Rp71,836","Rp38,164"
ID-20171211-308603,2017-12-11 2:59:10,SSI-D01220355-XX-YEL,"Devibav Plain Trump Blouse (XXL,Yellow)",1,"Rp125,000","Rp125,000","Rp65,365","Rp59,635"
,,SSI-D01322234-LL-WHI,"Thafqya Plain Raglan Blouse (L,White)",1,"Rp125,000","Rp125,000","Rp73,601","Rp51,399"
ID-20171211-049391,2017-12-11 6:09:20,SSI-D01322275-XL-WHI,"Thafqya Plain Raglan Blouse (XL,White)",1,"Rp125,000","Rp125,000","Rp62,209","Rp62,791"
ID-20171211-320616,2017-12-11 6:53:32,SSI-D01220355-XX-YEL,"Devibav Plain Trump Blouse (XXL,Yellow)",1,"Rp130,000","Rp130,000","Rp65,365","Rp64,635"
ID-20171211-562949,2017-12-11 9:33:33,SSI-D01220338-XX-SAL,"Devibav Plain Trump Blouse (XXL,Salem)",1,"Rp110,000","Rp110,000","Rp67,300","Rp42,700"
,,SSI-D01220388-MM-SAL,"Devibav Plain Trump Blouse (M,Salem)",1,"Rp110,000","Rp110,000","Rp67,500","Rp42,500"
ID-20171211-775308,2017-12-11 12:03:56,SSI-D01326205-MM-NAV,"Siunfhi Ethnic Trump Blouse (M,Navy)",1,"Rp130,000","Rp130,000","Rp75,210","Rp54,790"
ID-20171211-441814,2017-12-11 13:04:46,SSI-D01220346-LL-SAL,"Devibav Plain Trump Blouse (L,Salem)",1,"Rp120,000","Rp120,000","Rp71,880","Rp48,120"
,,SSI-D01326223-MM-KHA,"Siunfhi Ethnic Trump Blouse (M,Khaki)",1,"Rp120,000","Rp120,000","Rp64,729","Rp55,271"
ID-20171211-810934,2017-12-11 15:07:51,SSI-D01220388-MM-SAL,"Devibav Plain Trump Blouse (M,Salem)",2,"Rp120,000","Rp240,000","Rp67,500","Rp105,000"
,,SSI-D01220346-LL-SAL,"Devibav Plain Trump Blouse (L,Salem)",1,"Rp130,000","Rp130,000","Rp71,880","Rp58,120"
ID-20171211-773923,2017-12-11 15:19:53,SSI-D01326299-LL-NAV,"Siunfhi Ethnic Trump Blouse (L,Navy)",1,"Rp115,000","Rp115,000","Rp66,956","Rp48,044"
ID-20171212-476888,2017-12-12 0:05:19,SSI-D01220355-XX-YEL,"Devibav Plain Trump Blouse (XXL,Yellow)",1,"Rp125,000","Rp125,000","Rp65,365","Rp59,635"
,,SSI-D01322275-XL-WHI,"Thafqya Plain Raglan Blouse (XL,White)",1,"Rp130,000","Rp130,000","Rp62,360","Rp67,640"
ID-20171212-709992,2017-12-12 3:01:22,SSI-D01322234-LL-WHI,"Thafqya Plain Raglan Blouse (L,White)",1,"Rp120,000","Rp120,000","Rp73,601","Rp46,399"
ID-20171212-901421,2017-12-12 3:56:32,SSI-D01322275-XL-WHI,"Thafqya Plain Raglan Blouse (XL,White)",1,"Rp115,000","Rp115,000","Rp62,360","Rp52,640"
,,SSI-D01220349-LL-YEL,"Devibav Plain Trump Blouse (L,Yellow)",1,"Rp115,000","Rp115,000","Rp72,544","Rp42,456"
ID-20171212-266273,2017-12-12 5:56:59,SSI-D01322275-XL-WHI,"Thafqya Plain Raglan Blouse (XL,White)",1,"Rp120,000","Rp120,000","Rp62,360","Rp57,640"
,,SSI-D01037807-X3-BWH,"Dellaya Plain Loose Big Blouse (XXXL,Broken White)",1,"Rp115,000","Rp115,000","Rp62,320","Rp52,680"
ID-20171212-343114,2017-12-12 6:46:51,SSI-D01322275-XL-WHI,"Thafqya Plain Raglan Blouse (XL,White)",1,"Rp120,000","Rp120,000","Rp62,360","Rp57,640"
ID-20171212-150134,2017-12-12 9:52:25,SSI-D01322275-XL-WHI,"Thafqya Plain Raglan Blouse (XL,White)",1,"Rp125,000","Rp125,000","Rp62,360","Rp62,640"
ID-20171212-151799,2017-12-12 11:48:58,SSI-D01220349-LL-YEL,"Devibav Plain Trump Blouse (L,Yellow)",1,"Rp125,000","Rp125,000","Rp72,544","Rp52,456"
,,SSI-D00791077-MM-BWH,"Zalekia Plain Casual Blouse (M,Broken White)",1,"Rp130,000","Rp130,000","Rp71,854","Rp58,146"
ID-20171212-879316,2017-12-12 13:04:14,SSI-D01037812-X3-BLA,"Dellaya Plain Loose Big Blouse (XXXL,Black)",1,"Rp115,000","Rp115,000","Rp67,801","Rp47,199"
,,SSI-D01322275-XL-WHI,"Thafqya Plain Raglan Blouse (XL,White)",1,"Rp125,000","Rp125,000","Rp62,360","Rp62,640"
ID-20171212-921674,2017-12-12 15:07:15,SSI-D01220346-LL-SAL,"Devibav Plain Trump Blouse (L,Salem)",1,"Rp120,000","Rp120,000","Rp71,880","Rp48,120"
ID-20171212-941567,2017-12-12 15:58:55,SSI-D01220349-LL-YEL,"Devibav Plain Trump Blouse (L,Yellow)",1,"Rp115,000","Rp115,000","Rp72,544","Rp42,456"
ID-20171212-433082,2017-12-12 16:58:53,SSI-D01322234-LL-WHI,"Thafqya Plain Raglan Blouse (L,White)",1,"Rp130,000","Rp130,000","Rp73,601","Rp56,399"
ID-20171212-002368,2017-12-12 17:23:09,SSI-D01220357-SS-YEL,"Devibav Plain Trump Blouse (S,Yellow)",1,"Rp110,000","Rp110,000","Rp63,651","Rp46,349"
,,SSI-D01326223-MM-KHA,"Siunfhi Ethnic Trump Blouse (M,Khaki)",1,"Rp115,000","Rp115,000","Rp64,729","Rp50,271"
ID-20171212-982022,2017-12-12 23:51:57,SSI-D01220357-SS-YEL,"Devibav Plain Trump Blouse (S,Yellow)",1,"Rp130,000","Rp130,000","Rp63,651","Rp66,349"
ID-20171213-254413,2017-12-13 0:35:51,SSI-D01220349-LL-YEL,"Devibav Plain Trump Blouse (L,Yellow)",1,"Rp110,000","Rp110,000","Rp72,544","Rp37,456"
ID-20171213-360992,2017-12-13 1:21:45,SSI-D01326299-LL-NAV,"Siunfhi Ethnic Trump Blouse (L,Navy)",1,"Rp115,000","Rp115,000","Rp66,956","Rp48,044"
,,SSI-D01326205-MM-NAV,"Siunfhi Ethnic Trump Blouse (M,Navy)",1,"Rp130,000","Rp130,000","Rp75,210","Rp54,790"
ID-20171213-233329,2017-12-13 2:42:26,SSI-D01220322-MM-YEL,"Devibav Plain Trump Blouse (M,Yellow)",1,"Rp130,000","Rp130,000","Rp67,667","Rp62,333"
,,SSI-D01220338-XX-SAL,"Devibav Plain Trump Blouse (XXL,Salem)",1,"Rp125,000","Rp125,000","Rp67,300","Rp57,700"
ID-20171213-326932,2017-12-13 3:22:02,SSI-D01220322-MM-YEL,"Devibav Plain Trump Blouse (M,Yellow)",1,"Rp130,000","Rp130,000","Rp67,667","Rp62,333"
ID-20171213-043945,2017-12-13 3:40:00,SSI-D01322234-LL-WHI,"Thafqya Plain Raglan Blouse (L,White)",1,"Rp110,000","Rp110,000","Rp73,601","Rp36,399"
ID-20171213-381835,2017-12-13 3:46:45,SSI-D01220349-LL-YEL,"Devibav Plain Trump Blouse (L,Yellow)",1,"Rp120,000","Rp120,000","Rp72,544","Rp47,456"
ID-20171213-208123,2017-12-13 3:56:00,SSI-D01322234-LL-WHI,"Thafqya Plain Raglan Blouse (L,White)",1,"Rp125,000","Rp125,000","Rp73,601","Rp51,399"
,,SSI-D01322275-XL-WHI,"Thafqya Plain Raglan Blouse (XL,White)",1,"Rp115,000","Rp115,000","Rp62,360","Rp52,640"
ID-20171213-419029,2017-12-13 5:12:12,SSI-D01220355-XX-YEL,"Devibav Plain Trump Blouse (XXL,Yellow)",1,"Rp120,000","Rp120,000","Rp65,365","Rp54,635"
,,SSI-D01322275-XL-WHI,"Thafqya Plain Raglan Blouse (XL,White)",1,"Rp130,000","Rp130,000","Rp62,360","Rp67,640"
ID-20171213-330565,2017-12-13 5:43:00,SSI-D01220355-XX-YEL,"Devibav Plain Trump Blouse (XXL,Yellow)",1,"Rp115,000","Rp115,000","Rp65,365","Rp49,635"
,,SSI-D01322275-XL-WHI,"Thafqya Plain Raglan Blouse (XL,White)",1,"Rp120,000","Rp120,000","Rp62,360","Rp57,640"
ID-20171213-345231,2017-12-13 6:48:24,SSI-D00791077-MM-BWH,"Zalekia Plain Casual Blouse (M,Broken White)",1,"Rp125,000","Rp125,000","Rp71,854","Rp53,146"
ID-20171213-884747,2017-12-13 7:26:33,SSI-D01220355-XX-YEL,"Devibav Plain Trump Blouse (XXL,Yellow)",1,"Rp115,000","Rp115,000","Rp65,365","Rp49,635"
ID-20171213-229954,2017-12-13 11:28:31,SSI-D01322275-XL-WHI,"Thafqya Plain Raglan Blouse (XL,White)",1,"Rp130,000","Rp130,000","Rp62,360","Rp67,640"
ID-20171213-173120,2017-12-13 12:28:40,SSI-D01466013-XX-BLA,"Salyara Plain Casual Big Blouse (XXL,Black)",1,"Rp130,000","Rp130,000","Rp78,270","Rp51,730"
ID-20171213-634060,2017-12-13 14:08:18,SSI-D01322275-XL-WHI,"Thafqya Plain Raglan Blouse (XL,White)",1,"Rp110,000","Rp110,000","Rp62,360","Rp47,640"
ID-20171213-766398,2017-12-13 16:16:16,SSI-D01326286-LL-KHA,"Siunfhi Ethnic Trump Blouse (L,Khaki)",1,"Rp120,000","Rp120,000","Rp68,454","Rp51,546"
,,SSI-D01322234-LL-WHI,"Thafqya Plain Raglan Blouse (L,White)",1,"Rp125,000","Rp125,000","Rp73,601","Rp51,399"
ID-20171214-335935,2017-12-14 0:31:36,SSI-D01037812-X3-BLA,"Dellaya Plain Loose Big Blouse (XXXL,Black)",1,"Rp130,000","Rp130,000","Rp67,801","Rp62,199"
ID-20171214-340432,2017-12-14 2:15:19,SSI-D01220338-XX-SAL,"Devibav Plain Trump Blouse (XXL,Salem)",1,"Rp130,000","Rp130,000","Rp67,300","Rp62,700"
ID-20171214-612125,2017-12-14 2:44:45,SSI-D01037812-X3-BLA,"Dellaya Plain Loose Big Blouse (XXXL,Black)",1,"Rp120,000","Rp120,000","Rp67,801","Rp52,199"
ID-20171214-146467,2017-12-14 3:09:23,SSI-D01220322-MM-YEL,"Devibav Plain Trump Blouse (M,Yellow)",1,"Rp130,000","Rp130,000","Rp67,667","Rp62,333"
,,SSI-D01322275-XL-WHI,"Thafqya Plain Raglan Blouse (XL,White)",1,"Rp115,000","Rp115,000","Rp62,360","Rp52,640"
ID-20171214-231684,2017-12-14 3:52:30,SSI-D01220388-MM-SAL,"Devibav Plain Trump Blouse (M,Salem)",1,"Rp110,000","Rp110,000","Rp67,500","Rp42,500"
,,SSI-D01220355-XX-YEL,"Devibav Plain Trump Blouse (XXL,Yellow)",1,"Rp115,000","Rp115,000","Rp65,365","Rp49,635"
ID-20171214-516515,2017-12-14 5:17:02,SSI-D01220349-LL-YEL,"Devibav Plain Trump Blouse (L,Yellow)",1,"Rp125,000","Rp125,000","Rp72,544","Rp52,456"
ID-20171214-291606,2017-12-14 5:33:08,SSI-D01322234-LL-WHI,"Thafqya Plain Raglan Blouse (L,White)",1,"Rp130,000","Rp130,000","Rp73,601","Rp56,399"
ID-20171214-127713,2017-12-14 6:31:52,SSI-D01220349-LL-YEL,"Devibav Plain Trump Blouse (L,Yellow)",1,"Rp115,000","Rp115,000","Rp72,544","Rp42,456"
ID-20171214-791560,2017-12-14 7:56:48,SSI-D01220307-XL-SAL,"Devibav Plain Trump Blouse (XL,Salem)",1,"Rp110,000","Rp110,000","Rp69,046","Rp40,954"
ID-20171214-238320,2017-12-14 13:24:55,SSI-D01220334-XL-YEL,"Devibav Plain Trump Blouse (XL,Yellow)",1,"Rp125,000","Rp125,000","Rp71,836","Rp53,164"
ID-20171214-546249,2017-12-14 15:10:28,SSI-D01322234-LL-WHI,"Thafqya Plain Raglan Blouse (L,White)",1,"Rp120,000","Rp120,000","Rp73,601","Rp46,399"
ID-20171214-576704,2017-12-14 15:11:01,SSI-D00864661-MM-NAV,"Deklia Plain Casual Blouse (M,Navy)",1,"Rp130,000","Rp130,000","Rp71,781","Rp58,219"
ID-20171214-246284,2017-12-14 16:32:58,SSI-D01220338-XX-SAL,"Devibav Plain Trump Blouse (XXL,Salem)",1,"Rp110,000","Rp110,000","Rp67,300","Rp42,700"
,,SSI-D01322234-LL-WHI,"Thafqya Plain Raglan Blouse (L,White)",1,"Rp130,000","Rp130,000","Rp73,601","Rp56,399"
ID-20171214-322449,2017-12-14 22:59:45,SSI-D01220334-XL-YEL,"Devibav Plain Trump Blouse (XL,Yellow)",1,"Rp130,000","Rp130,000","Rp71,836","Rp58,164"
ID-20171215-958999,2017-12-15 0:11:34,SSI-D01220322-MM-YEL,"Devibav Plain Trump Blouse (M,Yellow)",1,"Rp125,000","Rp125,000","Rp67,667","Rp57,333"
,,SSI-D01220307-XL-SAL,"Devibav Plain Trump Blouse (XL,Salem)",1,"Rp130,000","Rp130,000","Rp69,046","Rp60,954"
ID-20171215-520833,2017-12-15 1:25:10,SSI-D01037807-X3-BWH,"Dellaya Plain Loose Big Blouse (XXXL,Broken White)",1,"Rp120,000","Rp120,000","Rp62,320","Rp57,680"
,,SSI-D01220355-XX-YEL,"Devibav Plain Trump Blouse (XXL,Yellow)",1,"Rp120,000","Rp120,000","Rp65,365","Rp54,635"
ID-20171215-405846,2017-12-15 2:16:42,SSI-D01220307-XL-SAL,"Devibav Plain Trump Blouse (XL,Salem)",1,"Rp120,000","Rp120,000","Rp69,046","Rp50,954"
,,SSI-D01466064-X3-BLA,"Salyara Plain Casual Big Blouse (XXXL,Black)",1,"Rp110,000","Rp110,000","Rp70,072","Rp39,928"
ID-20171215-499818,2017-12-15 2:54:45,SSI-D01220388-MM-SAL,"Devibav Plain Trump Blouse (M,Salem)",1,"Rp125,000","Rp125,000","Rp67,500","Rp57,500"
ID-20171215-005918,2017-12-15 3:27:13,SSI-D00864661-MM-NAV,"Deklia Plain Casual Blouse (M,Navy)",1,"Rp115,000","Rp115,000","Rp72,961","Rp42,039"
ID-20171215-708748,2017-12-15 4:29:51,SSI-D01322275-XL-WHI,"Thafqya Plain Raglan Blouse (XL,White)",1,"Rp115,000","Rp115,000","Rp62,360","Rp52,640"
ID-20171215-003194,2017-12-15 4:52:52,SSI-D01220346-LL-SAL,"Devibav Plain Trump Blouse (L,Salem)",1,"Rp110,000","Rp110,000","Rp71,880","Rp38,120"
ID-20171215-498680,2017-12-15 6:05:02,SSI-D01220349-LL-YEL,"Devibav Plain Trump Blouse (L,Yellow)",1,"Rp125,000","Rp125,000","Rp72,544","Rp52,456"
ID-20171215-897769,2017-12-15 8:07:07,SSI-D01220346-LL-SAL,"Devibav Plain Trump Blouse (L,Salem)",1,"Rp115,000","Rp115,000","Rp71,880","Rp43,120"
ID-20171215-798129,2017-12-15 8:21:30,SSI-D01326299-LL-NAV,"Siunfhi Ethnic Trump Blouse (L,Navy)",1,"Rp115,000","Rp115,000","Rp66,956","Rp48,044"
,,SSI-D01220334-XL-YEL,"Devibav Plain Trump Blouse (XL,Yellow)",1,"Rp120,000","Rp120,000","Rp71,836","Rp48,164"
ID-20171215-651131,2017-12-15 11:40:10,SSI-D01326223-MM-KHA,"Siunfhi Ethnic Trump Blouse (M,Khaki)",1,"Rp130,000","Rp130,000","Rp64,729","Rp65,271"
,,SSI-D01037822-XX-BLA,"Dellaya Plain Loose Big Blouse (XXL,Black)",1,"Rp115,000","Rp115,000","Rp74,010","Rp40,990"
ID-20171215-038051,2017-12-15 12:50:13,SSI-D01322275-XL-WHI,"Thafqya Plain Raglan Blouse (XL,White)",1,"Rp110,000","Rp110,000","Rp62,360","Rp47,640"
ID-20171215-993104,2017-12-15 13:44:44,SSI-D01037812-X3-BLA,"Dellaya Plain Loose Big Blouse (XXXL,Black)",1,"Rp115,000","Rp115,000","Rp67,801","Rp47,199"
ID-20171215-256361,2017-12-15 15:41:10,SSI-D01220388-MM-SAL,"Devibav Plain Trump Blouse (M,Salem)",1,"Rp115,000","Rp115,000","Rp67,500","Rp47,500"
ID-20171215-081978,2017-12-15 21:00:59,SSI-D01220334-XL-YEL,"Devibav Plain Trump Blouse (XL,Yellow)",1,"Rp125,000","Rp125,000","Rp71,836","Rp53,164"
ID-20171215-071979,2017-12-15 23:29:04,SSI-D00791091-XL-BWH,"Zalekia Plain Casual Blouse (XL,Broken White)",1,"Rp110,000","Rp110,000","Rp73,323","Rp36,677"
,,SSI-D01322234-LL-WHI,"Thafqya Plain Raglan Blouse (L,White)",1,"Rp130,000","Rp130,000","Rp73,601","Rp56,399"
ID-20171216-173902,2017-12-16 0:30:54,SSI-D01322275-XL-WHI,"Thafqya Plain Raglan Blouse (XL,White)",1,"Rp110,000","Rp110,000","Rp62,360","Rp47,640"
,,SSI-D01220388-MM-SAL,"Devibav Plain Trump Blouse (M,Salem)",1,"Rp110,000","Rp110,000","Rp67,500","Rp42,500"
ID-20171216-310476,2017-12-16 0:49:27,SSI-D01322234-LL-WHI,"Thafqya Plain Raglan Blouse (L,White)",1,"Rp110,000","Rp110,000","Rp73,601","Rp36,399"
ID-20171216-168075,2017-12-16 2:18:51,SSI-D00864661-MM-NAV,"Deklia Plain Casual Blouse (M,Navy)",1,"Rp120,000","Rp120,000","Rp72,961","Rp47,039"
ID-20171216-098546,2017-12-16 3:11:43,SSI-D01326299-LL-NAV,"Siunfhi Ethnic Trump Blouse (L,Navy)",1,"Rp120,000","Rp120,000","Rp66,956","Rp53,044"
,,SSI-D01220322-MM-YEL,"Devibav Plain Trump Blouse (M,Yellow)",1,"Rp115,000","Rp115,000","Rp67,667","Rp47,333"
ID-20171216-529237,2017-12-16 6:37:31,SSI-D01037812-X3-BLA,"Dellaya Plain Loose Big Blouse (XXXL,Black)",1,"Rp120,000","Rp120,000","Rp67,801","Rp52,199"
ID-20171216-141192,2017-12-16 7:01:30,SSI-D00864612-LL-NAV,"Deklia Plain Casual Blouse (L,Navy)",1,"Rp130,000","Rp130,000","Rp67,365","Rp62,635"
ID-20171216-904144,2017-12-16 7:09:06,SSI-D01220307-XL-SAL,"Devibav Plain Trump Blouse (XL,Salem)",1,"Rp130,000","Rp130,000","Rp69,046","Rp60,954"
ID-20171216-375599,2017-12-16 7:50:06,SSI-D01220346-LL-SAL,"Devibav Plain Trump Blouse (L,Salem)",1,"Rp120,000","Rp120,000","Rp71,880","Rp48,120"
ID-20171216-851929,2017-12-16 8:01:53,SSI-D01220346-LL-SAL,"Devibav Plain Trump Blouse (L,Salem)",1,"Rp115,000","Rp115,000","Rp71,880","Rp43,120"
ID-20171216-723615,2017-12-16 8:09:14,SSI-D00864661-MM-NAV,"Deklia Plain Casual Blouse (M,Navy)",1,"Rp125,000","Rp125,000","Rp72,961","Rp52,039"
ID-20171216-545720,2017-12-16 8:17:41,SSI-D01322234-LL-WHI,"Thafqya Plain Raglan Blouse (L,White)",1,"Rp115,000","Rp115,000","Rp73,601","Rp41,399"
ID-20171216-305522,2017-12-16 8:36:06,SSI-D01326286-LL-KHA,"Siunfhi Ethnic Trump Blouse (L,Khaki)",1,"Rp110,000","Rp110,000","Rp68,454","Rp41,546"
ID-20171216-607457,2017-12-16 8:48:58,SSI-D01220388-MM-SAL,"Devibav Plain Trump Blouse (M,Salem)",1,"Rp110,000","Rp110,000","Rp67,500","Rp42,500"
,,SSI-D01322234-LL-WHI,"Thafqya Plain Raglan Blouse (L,White)",1,"Rp130,000","Rp130,000","Rp73,601","Rp56,399"
ID-20171216-794522,2017-12-16 9:22:53,SSI-D01220322-MM-YEL,"Devibav Plain Trump Blouse (M,Yellow)",1,"Rp125,000","Rp125,000","Rp67,667","Rp57,333"
ID-20171216-158483,2017-12-16 10:26:19,SSI-D01326299-LL-NAV,"Siunfhi Ethnic Trump Blouse (L,Navy)",1,"Rp125,000","Rp125,000","Rp66,956","Rp58,044"
ID-20171216-918194,2017-12-16 11:13:09,SSI-D00864612-LL-NAV,"Deklia Plain Casual Blouse (L,Navy)",1,"Rp110,000","Rp110,000","Rp67,365","Rp42,635"
,,SSI-D00864652-SS-NAV,"Deklia Plain Casual Blouse (S,Navy)",1,"Rp115,000","Rp115,000","Rp71,624","Rp43,376"
ID-20171216-329896,2017-12-16 11:59:37,SSI-D01322275-XL-WHI,"Thafqya Plain Raglan Blouse (XL,White)",1,"Rp120,000","Rp120,000","Rp62,360","Rp57,640"
ID-20171216-824257,2017-12-16 12:00:35,SSI-D01220307-XL-SAL,"Devibav Plain Trump Blouse (XL,Salem)",1,"Rp110,000","Rp110,000","Rp69,046","Rp40,954"
,,SSI-D00864652-SS-NAV,"Deklia Plain Casual Blouse (S,Navy)",1,"Rp110,000","Rp110,000","Rp71,624","Rp38,376"
ID-20171216-684905,2017-12-16 13:02:25,SSI-D00864652-SS-NAV,"Deklia Plain Casual Blouse (S,Navy)",1,"Rp130,000","Rp130,000","Rp71,624","Rp58,376"
ID-20171216-722557,2017-12-16 15:02:26,SSI-D01220346-LL-SAL,"Devibav Plain Trump Blouse (L,Salem)",1,"Rp115,000","Rp115,000","Rp71,880","Rp43,120"
ID-20171216-309410,2017-12-16 15:02:38,SSI-D00791015-LL-BWH,"Zalekia Plain Casual Blouse (L,Broken White)",1,"Rp115,000","Rp115,000","Rp70,448","Rp44,552"
ID-20171216-711419,2017-12-16 22:42:58,SSI-D00864612-LL-NAV,"Deklia Plain Casual Blouse (L,Navy)",1,"Rp115,000","Rp115,000","Rp67,365","Rp47,635"
ID-20171216-720224,2017-12-16 22:45:18,SSI-D01220338-XX-SAL,"Devibav Plain Trump Blouse (XXL,Salem)",1,"Rp115,000","Rp115,000","Rp67,300","Rp47,700"
ID-20171216-240045,2017-12-16 22:51:41,SSI-D00791091-XL-BWH,"Zalekia Plain Casual Blouse (XL,Broken White)",1,"Rp115,000","Rp115,000","Rp73,323","Rp41,677"
ID-20171216-974062,2017-12-16 23:30:33,SSI-D01220349-LL-YEL,"Devibav Plain Trump Blouse (L,Yellow)",1,"Rp130,000","Rp130,000","Rp72,544","Rp57,456"
ID-20171216-174197,2017-12-16 23:53:32,SSI-D01220307-XL-SAL,"Devibav Plain Trump Blouse (XL,Salem)",1,"Rp125,000","Rp125,000","Rp69,046","Rp55,954"
ID-20171217-167483,2017-12-17 2:03:15,SSI-D01220334-XL-YEL,"Devibav Plain Trump Blouse (XL,Yellow)",1,"Rp130,000","Rp130,000","Rp71,836","Rp58,164"
ID-20171217-480014,2017-12-17 5:38:00,SSI-D01322275-XL-WHI,"Thafqya Plain Raglan Blouse (XL,White)",1,"Rp125,000","Rp125,000","Rp62,360","Rp62,640"
ID-20171217-885027,2017-12-17 7:13:04,SSI-D01037822-XX-BLA,"Dellaya Plain Loose Big Blouse (XXL,Black)",1,"Rp130,000","Rp130,000","Rp74,010","Rp55,990"
ID-20171217-819899,2017-12-17 8:19:05,SSI-D01322275-XL-WHI,"Thafqya Plain Raglan Blouse (XL,White)",1,"Rp125,000","Rp125,000","Rp62,360","Rp62,640"
,,SSI-D01220334-XL-YEL,"Devibav Plain Trump Blouse (XL,Yellow)",1,"Rp120,000","Rp120,000","Rp71,836","Rp48,164"
ID-20171217-361852,2017-12-17 8:59:12,SSI-D00864614-XL-NAV,"Deklia Plain Casual Blouse (XL,Navy)",1,"Rp120,000","Rp120,000","Rp65,561","Rp54,439"
ID-20171217-463725,2017-12-17 9:57:48,SSI-D01220307-XL-SAL,"Devibav Plain Trump Blouse (XL,Salem)",1,"Rp115,000","Rp115,000","Rp69,046","Rp45,954"
ID-20171217-479585,2017-12-17 10:08:38,SSI-D01037822-XX-BLA,"Dellaya Plain Loose Big Blouse (XXL,Black)",1,"Rp110,000","Rp110,000","Rp74,010","Rp35,990"
ID-20171217-327498,2017-12-17 10:12:22,SSI-D01220322-MM-YEL,"Devibav Plain Trump Blouse (M,Yellow)",1,"Rp115,000","Rp115,000","Rp67,667","Rp47,333"
,,SSI-D01220355-XX-YEL,"Devibav Plain Trump Blouse (XXL,Yellow)",1,"Rp120,000","Rp120,000","Rp65,365","Rp54,635"
ID-20171217-942516,2017-12-17 10:56:26,SSI-D01322234-LL-WHI,"Thafqya Plain Raglan Blouse (L,White)",1,"Rp130,000","Rp130,000","Rp73,601","Rp56,399"
ID-20171217-010440,2017-12-17 12:02:29,SSI-D01220338-XX-SAL,"Devibav Plain Trump Blouse (XXL,Salem)",2,"Rp130,000","Rp260,000","Rp67,300","Rp125,400"
ID-20171217-374208,2017-12-17 12:02:52,SSI-D00864612-LL-NAV,"Deklia Plain Casual Blouse (L,Navy)",1,"Rp125,000","Rp125,000","Rp67,365","Rp57,635"
ID-20171217-599203,2017-12-17 12:55:09,SSI-D01220334-XL-YEL,"Devibav Plain Trump Blouse (XL,Yellow)",1,"Rp120,000","Rp120,000","Rp71,836","Rp48,164"
ID-20171217-819059,2017-12-17 14:00:42,SSI-D00864661-MM-NAV,"Deklia Plain Casual Blouse (M,Navy)",1,"Rp115,000","Rp115,000","Rp72,961","Rp42,039"
,,SSI-D01322234-LL-WHI,"Thafqya Plain Raglan Blouse (L,White)",1,"Rp120,000","Rp120,000","Rp73,601","Rp46,399"
ID-20171217-042229,2017-12-17 14:29:01,SSI-D01220338-XX-SAL,"Devibav Plain Trump Blouse (XXL,Salem)",1,"Rp120,000","Rp120,000","Rp67,300","Rp52,700"
ID-20171217-488414,2017-12-17 14:59:48,SSI-D01037812-X3-BLA,"Dellaya Plain Loose Big Blouse (XXXL,Black)",1,"Rp125,000","Rp125,000","Rp67,801","Rp57,199"
ID-20171217-811086,2017-12-17 15:10:52,SSI-D01322275-XL-WHI,"Thafqya Plain Raglan Blouse (XL,White)",1,"Rp120,000","Rp120,000","Rp62,360","Rp57,640"
ID-20171217-643005,2017-12-17 15:19:21,SSI-D00864652-SS-NAV,"Deklia Plain Casual Blouse (S,Navy)",1,"Rp125,000","Rp125,000","Rp71,624","Rp53,376"
ID-20171217-648198,2017-12-17 16:39:07,SSI-D00791015-LL-BWH,"Zalekia Plain Casual Blouse (L,Broken White)",1,"Rp110,000","Rp110,000","Rp70,448","Rp39,552"
,,SSI-D00864661-MM-NAV,"Deklia Plain Casual Blouse (M,Navy)",1,"Rp130,000","Rp130,000","Rp72,961","Rp57,039"
ID-20171217-255703,2017-12-17 23:20:25,SSI-D01220349-LL-YEL,"Devibav Plain Trump Blouse (L,Yellow)",1,"Rp130,000","Rp130,000","Rp72,544","Rp57,456"
ID-20171218-987578,2017-12-18 3:04:03,SSI-D01322234-LL-WHI,"Thafqya Plain Raglan Blouse (L,White)",1,"Rp115,000","Rp115,000","Rp73,601","Rp41,399"
ID-20171218-760425,2017-12-18 3:47:57,SSI-D01322275-XL-WHI,"Thafqya Plain Raglan Blouse (XL,White)",1,"Rp130,000","Rp130,000","Rp62,360","Rp67,640"
,,SSI-D01037822-XX-BLA,"Dellaya Plain Loose Big Blouse (XXL,Black)",1,"Rp120,000","Rp120,000","Rp74,010","Rp45,990"
ID-20171218-641873,2017-12-18 4:04:10,SSI-D01322275-XL-WHI,"Thafqya Plain Raglan Blouse (XL,White)",1,"Rp110,000","Rp110,000","Rp62,360","Rp47,640"
ID-20171218-867678,2017-12-18 4:35:40,SSI-D01322234-LL-WHI,"Thafqya Plain Raglan Blouse (L,White)",1,"Rp115,000","Rp115,000","Rp73,601","Rp41,399"
ID-20171218-494264,2017-12-18 5:58:14,SSI-D00864652-SS-NAV,"Deklia Plain Casual Blouse (S,Navy)",1,"Rp130,000","Rp130,000","Rp71,624","Rp58,376"
ID-20171218-501011,2017-12-18 13:30:09,SSI-D00864661-MM-NAV,"Deklia Plain Casual Blouse (M,Navy)",1,"Rp125,000","Rp125,000","Rp72,961","Rp52,039"
ID-20171218-939838,2017-12-18 15:11:23,SSI-D01220388-MM-SAL,"Devibav Plain Trump Blouse (M,Salem)",1,"Rp125,000","Rp125,000","Rp67,500","Rp57,500"
,,SSI-D01220349-LL-YEL,"Devibav Plain Trump Blouse (L,Yellow)",1,"Rp110,000","Rp110,000","Rp72,544","Rp37,456"
ID-20171218-003168,2017-12-18 17:30:10,SSI-D01037822-XX-BLA,"Dellaya Plain Loose Big Blouse (XXL,Black)",1,"Rp115,000","Rp115,000","Rp74,010","Rp40,990"
ID-20171218-178794,2017-12-18 21:07:24,SSI-D00864614-XL-NAV,"Deklia Plain Casual Blouse (XL,Navy)",1,"Rp130,000","Rp130,000","Rp65,561","Rp64,439"
ID-20171218-458154,2017-12-18 22:53:26,SSI-D01037822-XX-BLA,"Dellaya Plain Loose Big Blouse (XXL,Black)",1,"Rp130,000","Rp130,000","Rp74,010","Rp55,990"
,,SSI-D01322275-XL-WHI,"Thafqya Plain Raglan Blouse (XL,White)",1,"Rp130,000","Rp130,000","Rp62,360","Rp67,640"
ID-20171219-877017,2017-12-19 0:30:00,SSI-D01326299-LL-NAV,"Siunfhi Ethnic Trump Blouse (L,Navy)",1,"Rp120,000","Rp120,000","Rp66,956","Rp53,044"
,,SSI-D01326205-MM-NAV,"Siunfhi Ethnic Trump Blouse (M,Navy)",1,"Rp130,000","Rp130,000","Rp75,210","Rp54,790"
ID-20171219-006660,2017-12-19 0:45:07,SSI-D01322275-XL-WHI,"Thafqya Plain Raglan Blouse (XL,White)",1,"Rp110,000","Rp110,000","Rp62,360","Rp47,640"
ID-20171219-820190,2017-12-19 2:24:04,SSI-D01322234-LL-WHI,"Thafqya Plain Raglan Blouse (L,White)",1,"Rp125,000","Rp125,000","Rp73,601","Rp51,399"
ID-20171219-407650,2017-12-19 2:30:02,SSI-D00864661-MM-NAV,"Deklia Plain Casual Blouse (M,Navy)",1,"Rp125,000","Rp125,000","Rp72,961","Rp52,039"
,,SSI-D01326205-MM-NAV,"Siunfhi Ethnic Trump Blouse (M,Navy)",1,"Rp120,000","Rp120,000","Rp75,210","Rp44,790"
ID-20171219-991877,2017-12-19 4:24:43,SSI-D01326201-XL-KHA,"Siunfhi Ethnic Trump Blouse (XL,Khaki)",1,"Rp130,000","Rp130,000","Rp69,809","Rp60,191"
ID-20171219-660663,2017-12-19 5:22:27,SSI-D01401050-MM-RED,"Zeomila Zipper Casual Blouse (M,Red)",1,"Rp130,000","Rp130,000","Rp72,263","Rp57,737"
ID-20171219-325440,2017-12-19 5:29:11,SSI-D01322234-LL-WHI,"Thafqya Plain Raglan Blouse (L,White)",1,"Rp130,000","Rp130,000","Rp73,601","Rp56,399"
ID-20171219-541851,2017-12-19 6:32:39,SSI-D00864661-MM-NAV,"Deklia Plain Casual Blouse (M,Navy)",1,"Rp110,000","Rp110,000","Rp72,961","Rp37,039"
,,SSI-D00864661-MM-NAV,"Deklia Plain Casual Blouse (M,Navy)",1,"Rp130,000","Rp130,000","Rp72,961","Rp57,039"
ID-20171219-728779,2017-12-19 8:42:08,SSI-D01220388-MM-SAL,"Devibav Plain Trump Blouse (M,Salem)",1,"Rp110,000","Rp110,000","Rp67,500","Rp42,500"
,,SSI-D01220338-XX-SAL,"Devibav Plain Trump Blouse (XXL,Salem)",1,"Rp110,000","Rp110,000","Rp67,300","Rp42,700"
ID-20171219-616023,2017-12-19 11:37:39,SSI-D01220334-XL-YEL,"Devibav Plain Trump Blouse (XL,Yellow)",1,"Rp120,000","Rp120,000","Rp71,836","Rp48,164"
ID-20171219-018427,2017-12-19 11:50:53,SSI-D01220334-XL-YEL,"Devibav Plain Trump Blouse (XL,Yellow)",1,"Rp120,000","Rp120,000","Rp71,836","Rp48,164"
ID-20171219-756806,2017-12-19 11:52:31,SSI-D00864652-SS-NAV,"Deklia Plain Casual Blouse (S,Navy)",1,"Rp120,000","Rp120,000","Rp71,624","Rp48,376"
,,SSI-D01037812-X3-BLA,"Dellaya Plain Loose Big Blouse (XXXL,Black)",1,"Rp125,000","Rp125,000","Rp67,979","Rp57,021"
ID-20171219-545007,2017-12-19 14:36:59,SSI-D01220357-SS-YEL,"Devibav Plain Trump Blouse (S,Yellow)",1,"Rp120,000","Rp120,000","Rp63,651","Rp56,349"
ID-20171219-954395,2017-12-19 15:24:24,SSI-D01220355-XX-YEL,"Devibav Plain Trump Blouse (XXL,Yellow)",1,"Rp110,000","Rp110,000","Rp65,365","Rp44,635"
ID-20171219-108570,2017-12-19 15:55:46,SSI-D01220388-MM-SAL,"Devibav Plain Trump Blouse (M,Salem)",1,"Rp120,000","Rp120,000","Rp67,500","Rp52,500"
ID-20171219-002301,2017-12-19 16:03:54,SSI-D01037822-XX-BLA,"Dellaya Plain Loose Big Blouse (XXL,Black)",1,"Rp120,000","Rp120,000","Rp74,010","Rp45,990"
,,SSI-D01326201-XL-KHA,"Siunfhi Ethnic Trump Blouse (XL,Khaki)",1,"Rp130,000","Rp130,000","Rp69,809","Rp60,191"
ID-20171219-712414,2017-12-19 18:32:25,SSI-D00864612-LL-NAV,"Deklia Plain Casual Blouse (L,Navy)",1,"Rp120,000","Rp120,000","Rp67,365","Rp52,635"
ID-20171219-149311,2017-12-19 20:01:17,SSI-D01220357-SS-YEL,"Devibav Plain Trump Blouse (S,Yellow)",1,"Rp125,000","Rp125,000","Rp63,651","Rp61,349"
ID-20171219-609793,2017-12-19 23:19:12,SSI-D01220334-XL-YEL,"Devibav Plain Trump Blouse (XL,Yellow)",1,"Rp130,000","Rp130,000","Rp71,836","Rp58,164"
ID-20171220-958439,2017-12-20 0:39:22,SSI-D01220322-MM-YEL,"Devibav Plain Trump Blouse (M,Yellow)",1,"Rp115,000","Rp115,000","Rp67,667","Rp47,333"
ID-20171220-008321,2017-12-20 2:07:30,SSI-D01401050-MM-RED,"Zeomila Zipper Casual Blouse (M,Red)",1,"Rp110,000","Rp110,000","Rp72,263","Rp37,737"
,,SSI-D01322234-LL-WHI,"Thafqya Plain Raglan Blouse (L,White)",1,"Rp115,000","Rp115,000","Rp73,601","Rp41,399"
ID-20171220-308624,2017-12-20 4:01:28,SSI-D01326201-XL-KHA,"Siunfhi Ethnic Trump Blouse (XL,Khaki)",1,"Rp110,000","Rp110,000","Rp69,809","Rp40,191"
ID-20171220-645545,2017-12-20 5:22:31,SSI-D01326286-LL-KHA,"Siunfhi Ethnic Trump Blouse (L,Khaki)",1,"Rp120,000","Rp120,000","Rp68,454","Rp51,546"
,,SSI-D00864614-XL-NAV,"Deklia Plain Casual Blouse (XL,Navy)",1,"Rp120,000","Rp120,000","Rp65,561","Rp54,439"
ID-20171220-883650,2017-12-20 5:32:35,SSI-D01326205-MM-NAV,"Siunfhi Ethnic Trump Blouse (M,Navy)",1,"Rp115,000","Rp115,000","Rp75,210","Rp39,790"
ID-20171220-117153,2017-12-20 6:10:04,SSI-D01322275-XL-WHI,"Thafqya Plain Raglan Blouse (XL,White)",1,"Rp115,000","Rp115,000","Rp62,360","Rp52,640"
ID-20171220-398590,2017-12-20 6:15:10,SSI-D01322234-LL-WHI,"Thafqya Plain Raglan Blouse (L,White)",1,"Rp130,000","Rp130,000","Rp73,601","Rp56,399"
ID-20171220-618461,2017-12-20 6:25:13,SSI-D00864612-LL-NAV,"Deklia Plain Casual Blouse (L,Navy)",1,"Rp115,000","Rp115,000","Rp67,365","Rp47,635"
ID-20171220-176077,2017-12-20 6:45:13,SSI-D00864652-SS-NAV,"Deklia Plain Casual Blouse (S,Navy)",2,"Rp110,000","Rp220,000","Rp71,624","Rp76,751"
ID-20171220-259571,2017-12-20 8:30:55,SSI-D01037812-X3-BLA,"Dellaya Plain Loose Big Blouse (XXXL,Black)",1,"Rp130,000","Rp130,000","Rp67,979","Rp62,021"
ID-20171220-474418,2017-12-20 8:41:03,SSI-D01037822-XX-BLA,"Dellaya Plain Loose Big Blouse (XXL,Black)",1,"Rp125,000","Rp125,000","Rp74,010","Rp50,990"
ID-20171220-821953,2017-12-20 9:07:51,SSI-D00864661-MM-NAV,"Deklia Plain Casual Blouse (M,Navy)",1,"Rp115,000","Rp115,000","Rp72,961","Rp42,039"
ID-20171220-471568,2017-12-20 9:11:12,SSI-D00864612-LL-NAV,"Deklia Plain Casual Blouse (L,Navy)",1,"Rp125,000","Rp125,000","Rp67,365","Rp57,635"
ID-20171220-834180,2017-12-20 9:33:03,SSI-D01220355-XX-YEL,"Devibav Plain Trump Blouse (XXL,Yellow)",1,"Rp120,000","Rp120,000","Rp65,365","Rp54,635"
,,SSI-D01220334-XL-YEL,"Devibav Plain Trump Blouse (XL,Yellow)",1,"Rp110,000","Rp110,000","Rp71,836","Rp38,164"
ID-20171220-592432,2017-12-20 11:20:17,SSI-D00864612-LL-NAV,"Deklia Plain Casual Blouse (L,Navy)",1,"Rp120,000","Rp120,000","Rp67,365","Rp52,635"
ID-20171220-375445,2017-12-20 12:35:08,SSI-D01220307-XL-SAL,"Devibav Plain Trump Blouse (XL,Salem)",1,"Rp110,000","Rp110,000","Rp69,046","Rp40,954"
,,SSI-D01220338-XX-SAL,"Devibav Plain Trump Blouse (XXL,Salem)",1,"Rp115,000","Rp115,000","Rp67,300","Rp47,700"
ID-20171220-078425,2017-12-20 12:42:27,SSI-D01220307-XL-SAL,"Devibav Plain Trump Blouse (XL,Salem)",1,"Rp110,000","Rp110,000","Rp69,046","Rp40,954"
ID-20171220-047639,2017-12-20 13:01:36,SSI-D00864652-SS-NAV,"Deklia Plain Casual Blouse (S,Navy)",1,"Rp110,000","Rp110,000","Rp71,624","Rp38,376"
,,SSI-D01322275-XL-WHI,"Thafqya Plain Raglan Blouse (XL,White)",1,"Rp125,000","Rp125,000","Rp62,360","Rp62,640"
ID-20171220-815765,2017-12-20 14:40:42,SSI-D01322234-LL-WHI,"Thafqya Plain Raglan Blouse (L,White)",1,"Rp130,000","Rp130,000","Rp73,601","Rp56,399"
ID-20171220-490544,2017-12-20 23:34:17,SSI-D00864614-XL-NAV,"Deklia Plain Casual Blouse (XL,Navy)",1,"Rp120,000","Rp120,000","Rp65,561","Rp54,439"
ID-20171220-099630,2017-12-21 1:33:13,SSI-D00864652-SS-NAV,"Deklia Plain Casual Blouse (S,Navy)",1,"Rp130,000","Rp130,000","Rp71,624","Rp58,376"
ID-20171221-968892,2017-12-21 1:49:46,SSI-D00864612-LL-NAV,"Deklia Plain Casual Blouse (L,Navy)",1,"Rp110,000","Rp110,000","Rp67,365","Rp42,635"
ID-20171221-401370,2017-12-21 2:01:32,SSI-D01220334-XL-YEL,"Devibav Plain Trump Blouse (XL,Yellow)",1,"Rp125,000","Rp125,000","Rp71,836","Rp53,164"
,,SSI-D01322275-XL-WHI,"Thafqya Plain Raglan Blouse (XL,White)",1,"Rp125,000","Rp125,000","Rp62,360","Rp62,640"
ID-20171221-127970,2017-12-21 3:03:04,SSI-D01326201-XL-KHA,"Siunfhi Ethnic Trump Blouse (XL,Khaki)",1,"Rp130,000","Rp130,000","Rp69,809","Rp60,191"
ID-20171221-438382,2017-12-21 3:29:04,SSI-D00864661-MM-NAV,"Deklia Plain Casual Blouse (M,Navy)",1,"Rp115,000","Rp115,000","Rp72,961","Rp42,039"
ID-20171221-556617,2017-12-21 3:37:46,SSI-D01322234-LL-WHI,"Thafqya Plain Raglan Blouse (L,White)",1,"Rp120,000","Rp120,000","Rp73,601","Rp46,399"
ID-20171221-489943,2017-12-21 4:20:43,SSI-D01322234-LL-WHI,"Thafqya Plain Raglan Blouse (L,White)",1,"Rp125,000","Rp125,000","Rp73,601","Rp51,399"
ID-20171221-591867,2017-12-21 4:56:10,SSI-D00864652-SS-NAV,"Deklia Plain Casual Blouse (S,Navy)",1,"Rp125,000","Rp125,000","Rp71,624","Rp53,376"
,,SSI-D01220355-XX-YEL,"Devibav Plain Trump Blouse (XXL,Yellow)",1,"Rp125,000","Rp125,000","Rp65,365","Rp59,635"
ID-20171221-416618,2017-12-21 5:20:17,SSI-D00791077-MM-BWH,"Zalekia Plain Casual Blouse (M,Broken White)",1,"Rp110,000","Rp110,000","Rp71,854","Rp38,146"
ID-20171221-862259,2017-12-21 5:23:41,SSI-D00864612-LL-NAV,"Deklia Plain Casual Blouse (L,Navy)",1,"Rp120,000","Rp120,000","Rp67,365","Rp52,635"
ID-20171221-778447,2017-12-21 5:48:44,SSI-D01322234-LL-WHI,"Thafqya Plain Raglan Blouse (L,White)",1,"Rp125,000","Rp125,000","Rp73,601","Rp51,399"
ID-20171221-341754,2017-12-21 7:03:46,SSI-D01322234-LL-WHI,"Thafqya Plain Raglan Blouse (L,White)",1,"Rp120,000","Rp120,000","Rp73,601","Rp46,399"
ID-20171221-434277,2017-12-21 7:13:39,SSI-D01220346-LL-SAL,"Devibav Plain Trump Blouse (L,Salem)",1,"Rp110,000","Rp110,000","Rp71,880","Rp38,120"
,,SSI-D00864652-SS-NAV,"Deklia Plain Casual Blouse (S,Navy)",1,"Rp115,000","Rp115,000","Rp71,624","Rp43,376"
ID-20171221-982438,2017-12-21 9:30:07,SSI-D01326223-MM-KHA,"Siunfhi Ethnic Trump Blouse (M,Khaki)",1,"Rp110,000","Rp110,000","Rp64,729","Rp45,271"
,,SSI-D00864612-LL-NAV,"Deklia Plain Casual Blouse (L,Navy)",1,"Rp120,000","Rp120,000","Rp67,365","Rp52,635"
ID-20171221-224824,2017-12-21 12:29:29,SSI-D01220355-XX-YEL,"Devibav Plain Trump Blouse (XXL,Yellow)",1,"Rp110,000","Rp110,000","Rp65,365","Rp44,635"
ID-20171221-887820,2017-12-21 14:07:08,SSI-D01322275-XL-WHI,"Thafqya Plain Raglan Blouse (XL,White)",1,"Rp130,000","Rp130,000","Rp62,360","Rp67,640"
ID-20171221-947136,2017-12-21 14:17:59,SSI-D01326205-MM-NAV,"Siunfhi Ethnic Trump Blouse (M,Navy)",1,"Rp125,000","Rp125,000","Rp75,210","Rp49,790"
,,SSI-D01220338-XX-SAL,"Devibav Plain Trump Blouse (XXL,Salem)",1,"Rp110,000","Rp110,000","Rp67,300","Rp42,700"
ID-20171221-884507,2017-12-21 14:35:49,SSI-D01037812-X3-BLA,"Dellaya Plain Loose Big Blouse (XXXL,Black)",1,"Rp130,000","Rp130,000","Rp67,979","Rp62,021"
ID-20171221-276368,2017-12-21 15:06:24,SSI-D00791077-MM-BWH,"Zalekia Plain Casual Blouse (M,Broken White)",1,"Rp125,000","Rp125,000","Rp71,854","Rp53,146"
,,SSI-D01326205-MM-NAV,"Siunfhi Ethnic Trump Blouse (M,Navy)",1,"Rp120,000","Rp120,000","Rp75,210","Rp44,790"
ID-20171221-247562,2017-12-21 23:23:05,SSI-D00864661-MM-NAV,"Deklia Plain Casual Blouse (M,Navy)",1,"Rp125,000","Rp125,000","Rp72,961","Rp52,039"
ID-20171222-485336,2017-12-22 1:19:20,SSI-D01322275-XL-WHI,"Thafqya Plain Raglan Blouse (XL,White)",1,"Rp125,000","Rp125,000","Rp62,360","Rp62,640"
ID-20171222-395224,2017-12-22 1:33:21,SSI-D01401064-XL-RED,"Zeomila Zipper Casual Blouse (XL,Red)",1,"Rp115,000","Rp115,000","Rp70,703","Rp44,297"
,,SSI-D00864614-XL-NAV,"Deklia Plain Casual Blouse (XL,Navy)",1,"Rp115,000","Rp115,000","Rp65,561","Rp49,439"
ID-20171222-281844,2017-12-22 3:52:21,SSI-D00864612-LL-NAV,"Deklia Plain Casual Blouse (L,Navy)",1,"Rp110,000","Rp110,000","Rp67,365","Rp42,635"
ID-20171222-892571,2017-12-22 4:01:06,SSI-D00864661-MM-NAV,"Deklia Plain Casual Blouse (M,Navy)",1,"Rp120,000","Rp120,000","Rp72,961","Rp47,039"
ID-20171222-146782,2017-12-22 4:48:09,SSI-D01322234-LL-WHI,"Thafqya Plain Raglan Blouse (L,White)",1,"Rp120,000","Rp120,000","Rp73,601","Rp46,399"
ID-20171222-926643,2017-12-22 6:10:26,SSI-D01322275-XL-WHI,"Thafqya Plain Raglan Blouse (XL,White)",1,"Rp115,000","Rp115,000","Rp62,360","Rp52,640"
ID-20171222-230195,2017-12-22 8:14:23,SSI-D01326205-MM-NAV,"Siunfhi Ethnic Trump Blouse (M,Navy)",1,"Rp110,000","Rp110,000","Rp75,210","Rp34,790"
,,SSI-D01322275-XL-WHI,"Thafqya Plain Raglan Blouse (XL,White)",1,"Rp120,000","Rp120,000","Rp62,360","Rp57,640"
ID-20171222-982315,2017-12-22 9:33:10,SSI-D00864614-XL-NAV,"Deklia Plain Casual Blouse (XL,Navy)",1,"Rp120,000","Rp120,000","Rp65,561","Rp54,439"
ID-20171222-201752,2017-12-22 11:14:43,SSI-D00864614-XL-NAV,"Deklia Plain Casual Blouse (XL,Navy)",1,"Rp110,000","Rp110,000","Rp65,561","Rp44,439"
ID-20171222-786404,2017-12-22 11:23:41,SSI-D00864614-XL-NAV,"Deklia Plain Casual Blouse (XL,Navy)",1,"Rp130,000","Rp130,000","Rp65,561","Rp64,439"
,,SSI-D01326205-MM-NAV,"Siunfhi Ethnic Trump Blouse (M,Navy)",1,"Rp115,000","Rp115,000","Rp75,210","Rp39,790"
ID-20171222-727604,2017-12-22 14:32:38,SSI-D00864661-MM-NAV,"Deklia Plain Casual Blouse (M,Navy)",1,"Rp110,000","Rp110,000","Rp72,961","Rp37,039"
ID-20171222-248398,2017-12-22 17:07:03,SSI-D00864612-LL-NAV,"Deklia Plain Casual Blouse (L,Navy)",1,"Rp120,000","Rp120,000","Rp67,365","Rp52,635"
ID-20171222-676465,2017-12-22 19:40:04,SSI-D01220334-XL-YEL,"Devibav Plain Trump Blouse (XL,Yellow)",1,"Rp125,000","Rp125,000","Rp71,836","Rp53,164"
ID-20171222-840752,2017-12-22 20:39:53,SSI-D01326299-LL-NAV,"Siunfhi Ethnic Trump Blouse (L,Navy)",1,"Rp125,000","Rp125,000","Rp66,956","Rp58,044"
ID-20171223-782145,2017-12-23 0:50:33,SSI-D00791077-MM-BWH,"Zalekia Plain Casual Blouse (M,Broken White)",1,"Rp115,000","Rp115,000","Rp71,854","Rp43,146"
,,SSI-D01322234-LL-WHI,"Thafqya Plain Raglan Blouse (L,White)",1,"Rp115,000","Rp115,000","Rp73,601","Rp41,399"
ID-20171223-409061,2017-12-23 3:01:01,SSI-D01220338-XX-SAL,"Devibav Plain Trump Blouse (XXL,Salem)",1,"Rp130,000","Rp130,000","Rp67,300","Rp62,700"
,,SSI-D01220307-XL-SAL,"Devibav Plain Trump Blouse (XL,Salem)",1,"Rp130,000","Rp130,000","Rp69,046","Rp60,954"
ID-20171223-391997,2017-12-23 3:48:12,SSI-D01326205-MM-NAV,"Siunfhi Ethnic Trump Blouse (M,Navy)",1,"Rp130,000","Rp130,000","Rp75,210","Rp54,790"
ID-20171223-996904,2017-12-23 5:45:56,SSI-D00864612-LL-NAV,"Deklia Plain Casual Blouse (L,Navy)",1,"Rp125,000","Rp125,000","Rp67,365","Rp57,635"
ID-20171223-446341,2017-12-23 10:45:05,SSI-D01466064-X3-BLA,"Salyara Plain Casual Big Blouse (XXXL,Black)",1,"Rp130,000","Rp130,000","Rp70,072","Rp59,928"
ID-20171223-547686,2017-12-23 11:41:29,SSI-D00864614-XL-NAV,"Deklia Plain Casual Blouse (XL,Navy)",1,"Rp125,000","Rp125,000","Rp65,561","Rp59,439"
,,SSI-D01401050-MM-RED,"Zeomila Zipper Casual Blouse (M,Red)",1,"Rp130,000","Rp130,000","Rp72,263","Rp57,737"
ID-20171223-143260,2017-12-23 12:19:50,SSI-D00864614-XL-NAV,"Deklia Plain Casual Blouse (XL,Navy)",1,"Rp130,000","Rp130,000","Rp65,561","Rp64,439"
ID-20171223-956962,2017-12-23 12:49:17,SSI-D01401050-MM-RED,"Zeomila Zipper Casual Blouse (M,Red)",1,"Rp125,000","Rp125,000","Rp72,263","Rp52,737"
ID-20171223-062031,2017-12-23 18:23:53,SSI-D01220355-XX-YEL,"Devibav Plain Trump Blouse (XXL,Yellow)",1,"Rp115,000","Rp115,000","Rp65,365","Rp49,635"
ID-20171223-184552,2017-12-23 20:02:38,SSI-D00864661-MM-NAV,"Deklia Plain Casual Blouse (M,Navy)",1,"Rp120,000","Rp120,000","Rp72,961","Rp47,039"
ID-20171224-043402,2017-12-24 0:28:19,SSI-D01220355-XX-YEL,"Devibav Plain Trump Blouse (XXL,Yellow)",1,"Rp125,000","Rp125,000","Rp65,365","Rp59,635"
ID-20171224-728816,2017-12-24 3:48:07,SSI-D01220355-XX-YEL,"Devibav Plain Trump Blouse (XXL,Yellow)",1,"Rp110,000","Rp110,000","Rp65,365","Rp44,635"
,,SSI-D00864652-SS-NAV,"Deklia Plain Casual Blouse (S,Navy)",1,"Rp130,000","Rp130,000","Rp71,624","Rp58,376"
ID-20171224-005451,2017-12-24 5:46:45,SSI-D01322234-LL-WHI,"Thafqya Plain Raglan Blouse (L,White)",1,"Rp115,000","Rp115,000","Rp73,601","Rp41,399"
ID-20171224-863768,2017-12-24 6:01:01,SSI-D01322234-LL-WHI,"Thafqya Plain Raglan Blouse (L,White)",1,"Rp110,000","Rp110,000","Rp73,601","Rp36,399"
ID-20171224-968740,2017-12-24 6:50:23,SSI-D00864652-SS-NAV,"Deklia Plain Casual Blouse (S,Navy)",1,"Rp115,000","Rp115,000","Rp71,624","Rp43,376"
,,SSI-D00864661-MM-NAV,"Deklia Plain Casual Blouse (M,Navy)",1,"Rp110,000","Rp110,000","Rp72,961","Rp37,039"
ID-20171224-046604,2017-12-24 9:32:41,SSI-D01322275-XL-WHI,"Thafqya Plain Raglan Blouse (XL,White)",1,"Rp115,000","Rp115,000","Rp62,360","Rp52,640"
ID-20171224-075738,2017-12-24 12:36:59,SSI-D00864614-XL-NAV,"Deklia Plain Casual Blouse (XL,Navy)",1,"Rp130,000","Rp130,000","Rp65,561","Rp64,439"
,,SSI-D01326223-MM-KHA,"Siunfhi Ethnic Trump Blouse (M,Khaki)",1,"Rp125,000","Rp125,000","Rp64,729","Rp60,271"
ID-20171224-713961,2017-12-24 19:20:41,SSI-D01322275-XL-WHI,"Thafqya Plain Raglan Blouse (XL,White)",1,"Rp110,000","Rp110,000","Rp62,360","Rp47,640"
ID-20171225-907652,2017-12-25 3:14:32,SSI-D00864652-SS-NAV,"Deklia Plain Casual Blouse (S,Navy)",1,"Rp115,000","Rp115,000","Rp71,624","Rp43,376"
ID-20171225-810776,2017-12-25 8:21:31,SSI-D01037807-X3-BWH,"Dellaya Plain Loose Big Blouse (XXXL,Broken White)",1,"Rp130,000","Rp130,000","Rp62,320","Rp67,680"
ID-20171225-553084,2017-12-25 11:40:59,SSI-D01220346-LL-SAL,"Devibav Plain Trump Blouse (L,Salem)",1,"Rp110,000","Rp110,000","Rp71,880","Rp38,120"
,,SSI-D01220349-LL-YEL,"Devibav Plain Trump Blouse (L,Yellow)",1,"Rp110,000","Rp110,000","Rp72,544","Rp37,456"
ID-20171225-179645,2017-12-25 14:26:39,SSI-D01322234-LL-WHI,"Thafqya Plain Raglan Blouse (L,White)",1,"Rp110,000","Rp110,000","Rp73,601","Rp36,399"
ID-20171225-815256,2017-12-25 15:12:51,SSI-D00864612-LL-NAV,"Deklia Plain Casual Blouse (L,Navy)",1,"Rp115,000","Rp115,000","Rp67,365","Rp47,635"
ID-20171225-777359,2017-12-25 17:30:22,SSI-D00864612-LL-NAV,"Deklia Plain Casual Blouse (L,Navy)",1,"Rp115,000","Rp115,000","Rp67,365","Rp47,635"
,,SSI-D01220338-XX-SAL,"Devibav Plain Trump Blouse (XXL,Salem)",1,"Rp125,000","Rp125,000","Rp67,300","Rp57,700"
ID-20171225-244370,2017-12-25 21:25:04,SSI-D01037822-XX-BLA,"Dellaya Plain Loose Big Blouse (XXL,Black)",1,"Rp110,000","Rp110,000","Rp74,010","Rp35,990"
ID-20171225-088536,2017-12-25 23:41:50,SSI-D01220346-LL-SAL,"Devibav Plain Trump Blouse (L,Salem)",1,"Rp115,000","Rp115,000","Rp71,880","Rp43,120"
,,SSI-D00864652-SS-NAV,"Deklia Plain Casual Blouse (S,Navy)",1,"Rp110,000","Rp110,000","Rp71,624","Rp38,376"
ID-20171226-449515,2017-12-26 1:53:35,SSI-D01220388-MM-SAL,"Devibav Plain Trump Blouse (M,Salem)",1,"Rp130,000","Rp130,000","Rp67,500","Rp62,500"
ID-20171226-166459,2017-12-26 3:10:15,SSI-D00791015-LL-BWH,"Zalekia Plain Casual Blouse (L,Broken White)",1,"Rp120,000","Rp120,000","Rp70,448","Rp49,552"
,,SSI-D01326299-LL-NAV,"Siunfhi Ethnic Trump Blouse (L,Navy)",1,"Rp125,000","Rp125,000","Rp66,956","Rp58,044"
ID-20171226-859882,2017-12-26 7:55:12,SSI-D01326299-LL-NAV,"Siunfhi Ethnic Trump Blouse (L,Navy)",1,"Rp110,000","Rp110,000","Rp66,956","Rp43,044"
,,SSI-D00864614-XL-NAV,"Deklia Plain Casual Blouse (XL,Navy)",1,"Rp120,000","Rp120,000","Rp65,561","Rp54,439"
ID-20171226-006463,2017-12-26 8:04:13,SSI-D01326223-MM-KHA,"Siunfhi Ethnic Trump Blouse (M,Khaki)",1,"Rp115,000","Rp115,000","Rp64,729","Rp50,271"
ID-20171226-038149,2017-12-26 8:08:02,SSI-D00864612-LL-NAV,"Deklia Plain Casual Blouse (L,Navy)",1,"Rp120,000","Rp120,000","Rp67,365","Rp52,635"
,,SSI-D01326223-MM-KHA,"Siunfhi Ethnic Trump Blouse (M,Khaki)",1,"Rp130,000","Rp130,000","Rp64,729","Rp65,271"
ID-20171226-264782,2017-12-26 8:13:32,SSI-D01326223-MM-KHA,"Siunfhi Ethnic Trump Blouse (M,Khaki)",1,"Rp120,000","Rp120,000","Rp64,729","Rp55,271"
ID-20171226-909856,2017-12-26 9:36:17,SSI-D00864612-LL-NAV,"Deklia Plain Casual Blouse (L,Navy)",1,"Rp115,000","Rp115,000","Rp67,365","Rp47,635"
ID-20171226-050435,2017-12-26 9:56:36,SSI-D00864652-SS-NAV,"Deklia Plain Casual Blouse (S,Navy)",1,"Rp120,000","Rp120,000","Rp71,624","Rp48,376"
ID-20171226-543988,2017-12-26 12:08:40,SSI-D01322275-XL-WHI,"Thafqya Plain Raglan Blouse (XL,White)",1,"Rp130,000","Rp130,000","Rp62,360","Rp67,640"
ID-20171226-179931,2017-12-26 12:48:56,SSI-D01466013-XX-BLA,"Salyara Plain Casual Big Blouse (XXL,Black)",1,"Rp125,000","Rp125,000","Rp78,270","Rp46,730"
ID-20171226-006107,2017-12-26 13:33:06,SSI-D01037812-X3-BLA,"Dellaya Plain Loose Big Blouse (XXXL,Black)",1,"Rp110,000","Rp110,000","Rp67,979","Rp42,021"
ID-20171226-628664,2017-12-26 13:54:19,SSI-D01322234-LL-WHI,"Thafqya Plain Raglan Blouse (L,White)",1,"Rp115,000","Rp115,000","Rp73,601","Rp41,399"
ID-20171226-857821,2017-12-26 14:37:38,SSI-D01220334-XL-YEL,"Devibav Plain Trump Blouse (XL,Yellow)",1,"Rp120,000","Rp120,000","Rp71,836","Rp48,164"
,,SSI-D00864614-XL-NAV,"Deklia Plain Casual Blouse (XL,Navy)",1,"Rp125,000","Rp125,000","Rp65,561","Rp59,439"
ID-20171226-438688,2017-12-26 16:59:46,SSI-D00864614-XL-NAV,"Deklia Plain Casual Blouse (XL,Navy)",1,"Rp125,000","Rp125,000","Rp65,561","Rp59,439"
ID-20171226-995674,2017-12-26 17:48:39,SSI-D01466064-X3-BLA,"Salyara Plain Casual Big Blouse (XXXL,Black)",1,"Rp130,000","Rp130,000","Rp70,072","Rp59,928"
ID-20171226-976089,2017-12-26 18:16:45,SSI-D00864614-XL-NAV,"Deklia Plain Casual Blouse (XL,Navy)",1,"Rp110,000","Rp110,000","Rp65,561","Rp44,439"
ID-20171226-041732,2017-12-26 23:05:33,SSI-D00864612-LL-NAV,"Deklia Plain Casual Blouse (L,Navy)",1,"Rp125,000","Rp125,000","Rp67,365","Rp57,635"
ID-20171226-533042,2017-12-26 23:39:48,SSI-D00864614-XL-NAV,"Deklia Plain Casual Blouse (XL,Navy)",1,"Rp110,000","Rp110,000","Rp65,561","Rp44,439"
ID-20171226-136514,2017-12-26 23:51:09,SSI-D01322234-LL-WHI,"Thafqya Plain Raglan Blouse (L,White)",1,"Rp125,000","Rp125,000","Rp73,601","Rp51,399"
ID-20171227-966441,2017-12-27 1:53:57,SSI-D01466013-XX-BLA,"Salyara Plain Casual Big Blouse (XXL,Black)",1,"Rp120,000","Rp120,000","Rp78,270","Rp41,730"
ID-20171227-039776,2017-12-27 1:55:06,SSI-D01220307-XL-SAL,"Devibav Plain Trump Blouse (XL,Salem)",1,"Rp115,000","Rp115,000","Rp69,046","Rp45,954"
ID-20171227-267573,2017-12-27 3:35:24,SSI-D01322234-LL-WHI,"Thafqya Plain Raglan Blouse (L,White)",1,"Rp120,000","Rp120,000","Rp73,601","Rp46,399"
,,SSI-D01220346-LL-SAL,"Devibav Plain Trump Blouse (L,Salem)",1,"Rp115,000","Rp115,000","Rp71,880","Rp43,120"
ID-20171227-201193,2017-12-27 3:38:10,SSI-D01466013-XX-BLA,"Salyara Plain Casual Big Blouse (XXL,Black)",1,"Rp130,000","Rp130,000","Rp78,270","Rp51,730"
ID-20171227-415022,2017-12-27 4:16:18,SSI-D01220338-XX-SAL,"Devibav Plain Trump Blouse (XXL,Salem)",1,"Rp120,000","Rp120,000","Rp67,300","Rp52,700"
,,SSI-D01466064-X3-BLA,"Salyara Plain Casual Big Blouse (XXXL,Black)",1,"Rp125,000","Rp125,000","Rp70,072","Rp54,928"
ID-20171227-917661,2017-12-27 6:25:10,SSI-D01466064-X3-BLA,"Salyara Plain Casual Big Blouse (XXXL,Black)",1,"Rp130,000","Rp130,000","Rp70,072","Rp59,928"
ID-20171227-581434,2017-12-27 7:01:18,SSI-D00864614-XL-NAV,"Deklia Plain Casual Blouse (XL,Navy)",1,"Rp115,000","Rp115,000","Rp65,561","Rp49,439"
,,SSI-D01466013-XX-BLA,"Salyara Plain Casual Big Blouse (XXL,Black)",1,"Rp115,000","Rp115,000","Rp78,270","Rp36,730"
ID-20171227-319695,2017-12-27 8:40:37,SSI-D01466013-XX-BLA,"Salyara Plain Casual Big Blouse (XXL,Black)",1,"Rp110,000","Rp110,000","Rp78,270","Rp31,730"
,,SSI-D00864614-XL-NAV,"Deklia Plain Casual Blouse (XL,Navy)",1,"Rp130,000","Rp130,000","Rp65,561","Rp64,439"
ID-20171227-781358,2017-12-27 10:40:57,SSI-D00864652-SS-NAV,"Deklia Plain Casual Blouse (S,Navy)",1,"Rp120,000","Rp120,000","Rp71,624","Rp48,376"
ID-20171227-509711,2017-12-27 11:36:39,SSI-D01466064-X3-BLA,"Salyara Plain Casual Big Blouse (XXXL,Black)",1,"Rp120,000","Rp120,000","Rp70,072","Rp49,928"
ID-20171227-889623,2017-12-27 11:42:35,SSI-D00864612-LL-NAV,"Deklia Plain Casual Blouse (L,Navy)",1,"Rp115,000","Rp115,000","Rp67,365","Rp47,635"
ID-20171227-568623,2017-12-27 12:15:08,SSI-D00864612-LL-NAV,"Deklia Plain Casual Blouse (L,Navy)",1,"Rp130,000","Rp130,000","Rp67,365","Rp62,635"
,,SSI-D00864614-XL-NAV,"Deklia Plain Casual Blouse (XL,Navy)",1,"Rp110,000","Rp110,000","Rp65,561","Rp44,439"
ID-20171227-337664,2017-12-27 14:17:13,SSI-D01322234-LL-WHI,"Thafqya Plain Raglan Blouse (L,White)",1,"Rp125,000","Rp125,000","Rp73,601","Rp51,399"
ID-20171227-565202,2017-12-27 14:23:03,SSI-D00864661-MM-NAV,"Deklia Plain Casual Blouse (M,Navy)",1,"Rp125,000","Rp125,000","Rp72,961","Rp52,039"
,,SSI-D00864661-MM-NAV,"Deklia Plain Casual Blouse (M,Navy)",1,"Rp120,000","Rp120,000","Rp72,961","Rp47,039"
ID-20171227-741708,2017-12-27 14:33:54,SSI-D01220349-LL-YEL,"Devibav Plain Trump Blouse (L,Yellow)",1,"Rp125,000","Rp125,000","Rp72,544","Rp52,456"
ID-20171227-138713,2017-12-27 14:34:11,SSI-D00864661-MM-NAV,"Deklia Plain Casual Blouse (M,Navy)",1,"Rp115,000","Rp115,000","Rp72,961","Rp42,039"
,,SSI-D01466013-XX-BLA,"Salyara Plain Casual Big Blouse (XXL,Black)",1,"Rp115,000","Rp115,000","Rp78,270","Rp36,730"
ID-20171227-168117,2017-12-27 15:22:49,SSI-D01466064-X3-BLA,"Salyara Plain Casual Big Blouse (XXXL,Black)",1,"Rp120,000","Rp120,000","Rp70,072","Rp49,928"
,,SSI-D01220349-LL-YEL,"Devibav Plain Trump Blouse (L,Yellow)",1,"Rp130,000","Rp130,000","Rp72,544","Rp57,456"
ID-20171227-392944,2017-12-27 15:37:35,SSI-D00864612-LL-NAV,"Deklia Plain Casual Blouse (L,Navy)",1,"Rp110,000","Rp110,000","Rp67,365","Rp42,635"
ID-20171227-624319,2017-12-27 19:38:05,SSI-D01322275-XL-WHI,"Thafqya Plain Raglan Blouse (XL,White)",1,"Rp130,000","Rp130,000","Rp62,360","Rp67,640"
ID-20171227-631584,2017-12-27 21:23:24,SSI-D00864661-MM-NAV,"Deklia Plain Casual Blouse (M,Navy)",1,"Rp120,000","Rp120,000","Rp72,961","Rp47,039"
ID-20171227-998030,2017-12-27 22:36:05,SSI-D00864652-SS-NAV,"Deklia Plain Casual Blouse (S,Navy)",1,"Rp110,000","Rp110,000","Rp71,624","Rp38,376"
,,SSI-D00864612-LL-NAV,"Deklia Plain Casual Blouse (L,Navy)",1,"Rp130,000","Rp130,000","Rp67,365","Rp62,635"
ID-20171227-439107,2017-12-27 23:49:48,SSI-D01220338-XX-SAL,"Devibav Plain Trump Blouse (XXL,Salem)",1,"Rp130,000","Rp130,000","Rp67,300","Rp62,700"
ID-20171228-530021,2017-12-28 1:11:08,SSI-D01322275-XL-WHI,"Thafqya Plain Raglan Blouse (XL,White)",1,"Rp125,000","Rp125,000","Rp62,360","Rp62,640"
ID-20171228-918646,2017-12-28 1:22:24,SSI-D00864614-XL-NAV,"Deklia Plain Casual Blouse (XL,Navy)",1,"Rp120,000","Rp120,000","Rp65,561","Rp54,439"
,,SSI-D00864652-SS-NAV,"Deklia Plain Casual Blouse (S,Navy)",1,"Rp125,000","Rp125,000","Rp71,624","Rp53,376"
ID-20171228-568679,2017-12-28 1:38:17,SSI-D00864614-XL-NAV,"Deklia Plain Casual Blouse (XL,Navy)",1,"Rp110,000","Rp110,000","Rp65,561","Rp44,439"
ID-20171228-276067,2017-12-28 1:41:38,SSI-D01322275-XL-WHI,"Thafqya Plain Raglan Blouse (XL,White)",1,"Rp120,000","Rp120,000","Rp62,360","Rp57,640"
ID-20171228-831711,2017-12-28 2:54:47,SSI-D00864661-MM-NAV,"Deklia Plain Casual Blouse (M,Navy)",1,"Rp110,000","Rp110,000","Rp72,961","Rp37,039"
ID-20171228-174529,2017-12-28 5:47:41,SSI-D01220307-XL-SAL,"Devibav Plain Trump Blouse (XL,Salem)",1,"Rp120,000","Rp120,000","Rp69,046","Rp50,954"
,,SSI-D01220338-XX-SAL,"Devibav Plain Trump Blouse (XXL,Salem)",1,"Rp115,000","Rp115,000","Rp67,300","Rp47,700"
ID-20171228-682394,2017-12-28 6:36:14,SSI-D00864612-LL-NAV,"Deklia Plain Casual Blouse (L,Navy)",1,"Rp125,000","Rp125,000","Rp67,365","Rp57,635"
ID-20171228-306070,2017-12-28 6:40:59,SSI-D01220388-MM-SAL,"Devibav Plain Trump Blouse (M,Salem)",1,"Rp125,000","Rp125,000","Rp67,500","Rp57,500"
,,SSI-D01466013-XX-BLA,"Salyara Plain Casual Big Blouse (XXL,Black)",1,"Rp115,000","Rp115,000","Rp78,270","Rp36,730"
ID-20171228-753766,2017-12-28 7:06:15,SSI-D01220388-MM-SAL,"Devibav Plain Trump Blouse (M,Salem)",1,"Rp115,000","Rp115,000","Rp67,500","Rp47,500"
ID-20171228-102980,2017-12-28 7:32:01,SSI-D01466064-X3-BLA,"Salyara Plain Casual Big Blouse (XXXL,Black)",1,"Rp110,000","Rp110,000","Rp70,072","Rp39,928"
ID-20171228-689756,2017-12-28 8:07:49,SSI-D01326205-MM-NAV,"Siunfhi Ethnic Trump Blouse (M,Navy)",1,"Rp125,000","Rp125,000","Rp75,210","Rp49,790"
ID-20171228-211792,2017-12-28 8:14:08,SSI-D01326223-MM-KHA,"Siunfhi Ethnic Trump Blouse (M,Khaki)",1,"Rp110,000","Rp110,000","Rp64,729","Rp45,271"
ID-20171228-080985,2017-12-28 9:16:11,SSI-D00864614-XL-NAV,"Deklia Plain Casual Blouse (XL,Navy)",1,"Rp125,000","Rp125,000","Rp65,561","Rp59,439"
ID-20171228-721965,2017-12-28 9:32:35,SSI-D00864614-XL-NAV,"Deklia Plain Casual Blouse (XL,Navy)",1,"Rp115,000","Rp115,000","Rp65,561","Rp49,439"
ID-20171228-683238,2017-12-28 10:10:44,SSI-D00864614-XL-NAV,"Deklia Plain Casual Blouse (XL,Navy)",1,"Rp115,000","Rp115,000","Rp65,561","Rp49,439"
,,SSI-D01326286-LL-KHA,"Siunfhi Ethnic Trump Blouse (L,Khaki)",1,"Rp125,000","Rp125,000","Rp68,454","Rp56,546"
ID-20171228-201131,2017-12-28 10:31:06,SSI-D01220355-XX-YEL,"Devibav Plain Trump Blouse (XXL,Yellow)",1,"Rp125,000","Rp125,000","Rp65,365","Rp59,635"
ID-20171228-995128,2017-12-28 10:32:25,SSI-D01322275-XL-WHI,"Thafqya Plain Raglan Blouse (XL,White)",1,"Rp110,000","Rp110,000","Rp62,360","Rp47,640"
ID-20171228-547646,2017-12-28 12:55:57,SSI-D01322234-LL-WHI,"Thafqya Plain Raglan Blouse (L,White)",1,"Rp110,000","Rp110,000","Rp73,601","Rp36,399"
ID-20171228-015405,2017-12-28 13:24:57,SSI-D01322234-LL-WHI,"Thafqya Plain Raglan Blouse (L,White)",1,"Rp130,000","Rp130,000","Rp73,601","Rp56,399"
,,SSI-D01326223-MM-KHA,"Siunfhi Ethnic Trump Blouse (M,Khaki)",1,"Rp130,000","Rp130,000","Rp64,729","Rp65,271"
ID-20171228-671713,2017-12-28 13:59:00,SSI-D00791091-XL-BWH,"Zalekia Plain Casual Blouse (XL,Broken White)",1,"Rp125,000","Rp125,000","Rp73,323","Rp51,677"
,,SSI-D00864652-SS-NAV,"Deklia Plain Casual Blouse (S,Navy)",1,"Rp115,000","Rp115,000","Rp71,624","Rp43,376"
ID-20171228-246452,2017-12-28 15:26:41,SSI-D01326205-MM-NAV,"Siunfhi Ethnic Trump Blouse (M,Navy)",1,"Rp120,000","Rp120,000","Rp75,210","Rp44,790"
ID-20171228-967639,2017-12-28 15:30:50,SSI-D00864614-XL-NAV,"Deklia Plain Casual Blouse (XL,Navy)",1,"Rp120,000","Rp120,000","Rp65,561","Rp54,439"
,,SSI-D01326286-LL-KHA,"Siunfhi Ethnic Trump Blouse (L,Khaki)",1,"Rp125,000","Rp125,000","Rp68,454","Rp56,546"
ID-20171228-350691,2017-12-28 17:27:57,SSI-D01037812-X3-BLA,"Dellaya Plain Loose Big Blouse (XXXL,Black)",1,"Rp125,000","Rp125,000","Rp67,979","Rp57,021"
ID-20171228-357330,2017-12-28 23:08:40,SSI-D01326299-LL-NAV,"Siunfhi Ethnic Trump Blouse (L,Navy)",1,"Rp110,000","Rp110,000","Rp66,956","Rp43,044"
,,SSI-D01322275-XL-WHI,"Thafqya Plain Raglan Blouse (XL,White)",1,"Rp115,000","Rp115,000","Rp62,360","Rp52,640"
ID-20171228-472764,2017-12-28 23:57:16,SSI-D01466064-X3-BLA,"Salyara Plain Casual Big Blouse (XXXL,Black)",1,"Rp120,000","Rp120,000","Rp70,072","Rp49,928"
ID-20171229-825135,2017-12-29 0:53:16,SSI-D01322234-LL-WHI,"Thafqya Plain Raglan Blouse (L,White)",1,"Rp125,000","Rp125,000","Rp73,601","Rp51,399"
,,SSI-D01326223-MM-KHA,"Siunfhi Ethnic Trump Blouse (M,Khaki)",1,"Rp115,000","Rp115,000","Rp64,729","Rp50,271"
ID-20171229-257994,2017-12-29 2:24:05,SSI-D01037822-XX-BLA,"Dellaya Plain Loose Big Blouse (XXL,Black)",1,"Rp125,000","Rp125,000","Rp74,010","Rp50,990"
,,SSI-D00864614-XL-NAV,"Deklia Plain Casual Blouse (XL,Navy)",1,"Rp125,000","Rp125,000","Rp65,561","Rp59,439"
ID-20171229-964545,2017-12-29 3:43:44,SSI-D00864614-XL-NAV,"Deklia Plain Casual Blouse (XL,Navy)",1,"Rp120,000","Rp120,000","Rp65,561","Rp54,439"
ID-20171229-303232,2017-12-29 4:55:02,SSI-D00791015-LL-BWH,"Zalekia Plain Casual Blouse (L,Broken White)",1,"Rp110,000","Rp110,000","Rp70,448","Rp39,552"
ID-20171229-798906,2017-12-29 5:02:01,SSI-D01322275-XL-WHI,"Thafqya Plain Raglan Blouse (XL,White)",1,"Rp115,000","Rp115,000","Rp62,360","Rp52,640"
ID-20171229-964982,2017-12-29 5:41:22,SSI-D00864612-LL-NAV,"Deklia Plain Casual Blouse (L,Navy)",1,"Rp130,000","Rp130,000","Rp67,365","Rp62,635"
ID-20171229-298712,2017-12-29 6:02:07,SSI-D00864652-SS-NAV,"Deklia Plain Casual Blouse (S,Navy)",1,"Rp130,000","Rp130,000","Rp71,624","Rp58,376"
ID-20171229-190670,2017-12-29 6:57:50,SSI-D01326201-XL-KHA,"Siunfhi Ethnic Trump Blouse (XL,Khaki)",1,"Rp130,000","Rp130,000","Rp69,809","Rp60,191"
,,SSI-D00864612-LL-NAV,"Deklia Plain Casual Blouse (L,Navy)",1,"Rp120,000","Rp120,000","Rp67,365","Rp52,635"
ID-20171229-837990,2017-12-29 8:28:52,SSI-D01322234-LL-WHI,"Thafqya Plain Raglan Blouse (L,White)",1,"Rp130,000","Rp130,000","Rp73,601","Rp56,399"
ID-20171229-906821,2017-12-29 8:40:04,SSI-D01322234-LL-WHI,"Thafqya Plain Raglan Blouse (L,White)",1,"Rp110,000","Rp110,000","Rp73,601","Rp36,399"
,,SSI-D01220346-LL-SAL,"Devibav Plain Trump Blouse (L,Salem)",1,"Rp120,000","Rp120,000","Rp71,880","Rp48,120"
ID-20171229-113056,2017-12-29 10:35:01,SSI-D01037807-X3-BWH,"Dellaya Plain Loose Big Blouse (XXXL,Broken White)",1,"Rp130,000","Rp130,000","Rp62,320","Rp67,680"
ID-20171229-407492,2017-12-29 12:28:52,SSI-D00864614-XL-NAV,"Deklia Plain Casual Blouse (XL,Navy)",1,"Rp125,000","Rp125,000","Rp65,561","Rp59,439"
ID-20171229-276744,2017-12-29 13:46:48,SSI-D00864614-XL-NAV,"Deklia Plain Casual Blouse (XL,Navy)",1,"Rp120,000","Rp120,000","Rp65,561","Rp54,439"
,,SSI-D00864612-LL-NAV,"Deklia Plain Casual Blouse (L,Navy)",1,"Rp120,000","Rp120,000","Rp67,365","Rp52,635"
ID-20171229-347817,2017-12-29 22:59:44,SSI-D00864652-SS-NAV,"Deklia Plain Casual Blouse (S,Navy)",2,"Rp120,000","Rp240,000","Rp71,624","Rp96,751"
ID-20171229-364783,2017-12-29 23:07:22,SSI-D01220357-SS-YEL,"Devibav Plain Trump Blouse (S,Yellow)",1,"Rp115,000","Rp115,000","Rp63,651","Rp51,349"
,,SSI-D01326201-XL-KHA,"Siunfhi Ethnic Trump Blouse (XL,Khaki)",1,"Rp120,000","Rp120,000","Rp69,809","Rp50,191"
ID-20171230-241612,2017-12-30 1:27:36,SSI-D01220307-XL-SAL,"Devibav Plain Trump Blouse (XL,Salem)",1,"Rp130,000","Rp130,000","Rp69,046","Rp60,954"
ID-20171230-300531,2017-12-30 2:10:00,SSI-D01322275-XL-WHI,"Thafqya Plain Raglan Blouse (XL,White)",1,"Rp130,000","Rp130,000","Rp62,360","Rp67,640"
,,SSI-D00864652-SS-NAV,"Deklia Plain Casual Blouse (S,Navy)",1,"Rp110,000","Rp110,000","Rp71,624","Rp38,376"
ID-20171230-694816,2017-12-30 2:34:34,SSI-D01466064-X3-BLA,"Salyara Plain Casual Big Blouse (XXXL,Black)",1,"Rp130,000","Rp130,000","Rp70,072","Rp59,928"
ID-20171230-254691,2017-12-30 3:16:06,SSI-D00864661-MM-NAV,"Deklia Plain Casual Blouse (M,Navy)",1,"Rp130,000","Rp130,000","Rp72,961","Rp57,039"
ID-20171230-900829,2017-12-30 3:27:38,SSI-D00791077-MM-BWH,"Zalekia Plain Casual Blouse (M,Broken White)",1,"Rp110,000","Rp110,000","Rp71,854","Rp38,146"
,,SSI-D00864652-SS-NAV,"Deklia Plain Casual Blouse (S,Navy)",1,"Rp125,000","Rp125,000","Rp71,624","Rp53,376"
ID-20171230-346227,2017-12-30 3:38:06,SSI-D00864661-MM-NAV,"Deklia Plain Casual Blouse (M,Navy)",1,"Rp115,000","Rp115,000","Rp72,961","Rp42,039"
ID-20171230-181450,2017-12-30 3:47:34,SSI-D01220322-MM-YEL,"Devibav Plain Trump Blouse (M,Yellow)",1,"Rp115,000","Rp115,000","Rp67,667","Rp47,333"
,,SSI-D01401071-LL-RED,"Zeomila Zipper Casual Blouse (L,Red)",1,"Rp110,000","Rp110,000","Rp66,870","Rp43,130"
ID-20171230-186933,2017-12-30 5:58:18,SSI-D01037822-XX-BLA,"Dellaya Plain Loose Big Blouse (XXL,Black)",1,"Rp125,000","Rp125,000","Rp74,010","Rp50,990"
ID-20171230-661479,2017-12-30 6:00:43,SSI-D00864614-XL-NAV,"Deklia Plain Casual Blouse (XL,Navy)",1,"Rp110,000","Rp110,000","Rp65,561","Rp44,439"
,,SSI-D01220334-XL-YEL,"Devibav Plain Trump Blouse (XL,Yellow)",1,"Rp120,000","Rp120,000","Rp71,836","Rp48,164"
ID-20171230-238986,2017-12-30 8:03:30,SSI-D01326205-MM-NAV,"Siunfhi Ethnic Trump Blouse (M,Navy)",1,"Rp130,000","Rp130,000","Rp75,210","Rp54,790"
ID-20171230-825401,2017-12-30 10:59:00,SSI-D00864661-MM-NAV,"Deklia Plain Casual Blouse (M,Navy)",1,"Rp110,000","Rp110,000","Rp72,961","Rp37,039"
ID-20171230-924238,2017-12-30 12:11:40,SSI-D00864612-LL-NAV,"Deklia Plain Casual Blouse (L,Navy)",1,"Rp110,000","Rp110,000","Rp67,365","Rp42,635"
ID-20171230-259265,2017-12-30 12:11:40,SSI-D00864661-MM-NAV,"Deklia Plain Casual Blouse (M,Navy)",1,"Rp125,000","Rp125,000","Rp72,961","Rp52,039"
ID-20171230-670555,2017-12-30 13:11:38,SSI-D01037812-X3-BLA,"Dellaya Plain Loose Big Blouse (XXXL,Black)",1,"Rp130,000","Rp130,000","Rp67,979","Rp62,021"
ID-20171230-748834,2017-12-30 15:21:56,SSI-D01466064-X3-BLA,"Salyara Plain Casual Big Blouse (XXXL,Black)",1,"Rp120,000","Rp120,000","Rp70,072","Rp49,928"
ID-20171231-005151,2017-12-31 0:05:19,SSI-D00864612-LL-NAV,"Deklia Plain Casual Blouse (L,Navy)",1,"Rp130,000","Rp130,000","Rp67,365","Rp62,635"
,,SSI-D01220322-MM-YEL,"Devibav Plain Trump Blouse (M,Yellow)",1,"Rp110,000","Rp110,000","Rp67,667","Rp42,333"
ID-20171231-900572,2017-12-31 0:47:41,SSI-D00864612-LL-NAV,"Deklia Plain Casual Blouse (L,Navy)",1,"Rp130,000","Rp130,000","Rp67,365","Rp62,635"
ID-20171231-881434,2017-12-31 1:19:28,SSI-D01326223-MM-KHA,"Siunfhi Ethnic Trump Blouse (M,Khaki)",1,"Rp115,000","Rp115,000","Rp64,729","Rp50,271"
ID-20171231-680516,2017-12-31 2:51:14,SSI-D00864661-MM-NAV,"Deklia Plain Casual Blouse (M,Navy)",1,"Rp120,000","Rp120,000","Rp72,961","Rp47,039"
ID-20171231-118186,2017-12-31 3:14:11,SSI-D00864612-LL-NAV,"Deklia Plain Casual Blouse (L,Navy)",1,"Rp110,000","Rp110,000","Rp67,365","Rp42,635"
,,SSI-D00864614-XL-NAV,"Deklia Plain Casual Blouse (XL,Navy)",1,"Rp120,000","Rp120,000","Rp65,561","Rp54,439"
ID-20171231-667277,2017-12-31 4:29:08,SSI-D00864661-MM-NAV,"Deklia Plain Casual Blouse (M,Navy)",1,"Rp120,000","Rp120,000","Rp72,961","Rp47,039"
ID-20171231-832550,2017-12-31 5:42:34,SSI-D00864614-XL-NAV,"Deklia Plain Casual Blouse (XL,Navy)",1,"Rp110,000","Rp110,000","Rp65,561","Rp44,439"
ID-20171231-936999,2017-12-31 6:52:31,SSI-D00864612-LL-NAV,"Deklia Plain Casual Blouse (L,Navy)",1,"Rp120,000","Rp120,000","Rp67,365","Rp52,635"
ID-20171231-978089,2017-12-31 7:42:05,SSI-D00864612-LL-NAV,"Deklia Plain Casual Blouse (L,Navy)",1,"Rp130,000","Rp130,000","Rp67,365","Rp62,635"
,,SSI-D00864661-MM-NAV,"Deklia Plain Casual Blouse (M,Navy)",1,"Rp110,000","Rp110,000","Rp72,961","Rp37,039"
ID-20171231-444754,2017-12-31 9:36:16,SSI-D01326223-MM-KHA,"Siunfhi Ethnic Trump Blouse (M,Khaki)",1,"Rp130,000","Rp130,000","Rp64,729","Rp65,271"
ID-20171231-658483,2017-12-31 9:50:13,SSI-D01220322-MM-YEL,"Devibav Plain Trump Blouse (M,Yellow)",1,"Rp110,000","Rp110,000","Rp67,667","Rp42,333"
ID-20171231-362544,2017-12-31 9:58:58,SSI-D01326201-XL-KHA,"Siunfhi Ethnic Trump Blouse (XL,Khaki)",1,"Rp125,000","Rp125,000","Rp69,809","Rp55,191"
,,SSI-D01322275-XL-WHI,"Thafqya Plain Raglan Blouse (XL,White)",1,"Rp125,000","Rp125,000","Rp62,360","Rp62,640"
ID-20171231-422476,2017-12-31 13:24:15,SSI-D00864614-XL-NAV,"Deklia Plain Casual Blouse (XL,Navy)",1,"Rp110,000","Rp110,000","Rp65,561","Rp44,439"
ID-20171231-816823,2017-12-31 13:25:31,SSI-D00864661-MM-NAV,"Deklia Plain Casual Blouse (M,Navy)",1,"Rp110,000","Rp110,000","Rp72,961","Rp37,039"
ID-20171231-561008,2017-12-31 13:42:26,SSI-D01322234-LL-WHI,"Thafqya Plain Raglan Blouse (L,White)",1,"Rp115,000","Rp115,000","Rp73,601","Rp41,399"
,,SSI-D01326205-MM-NAV,"Siunfhi Ethnic Trump Blouse (M,Navy)",1,"Rp130,000","Rp130,000","Rp75,210","Rp54,790"
ID-20171231-693222,2017-12-31 18:04:17,SSI-D01220307-XL-SAL,"Devibav Plain Trump Blouse (XL,Salem)",1,"Rp115,000","Rp115,000","Rp69,046","Rp45,954"
,,SSI-D00864652-SS-NAV,"Deklia Plain Casual Blouse (S,Navy)",1,"Rp110,000","Rp110,000","Rp71,624","Rp38,376"